Date,Open,High,Low,Close,Up
2004-01-02,50.85,50.91,50.62,50.72,1
2004-01-05,50.75,50.84,50.61,50.79,1
2004-01-06,50.87,51.26,50.86,51.15,1
2004-01-07,51.45,51.54,51.29,51.51,0
2004-01-08,51.15,51.33,51.02,51.28,0
2004-01-09,51.11,51.32,51.01,51.01,0
2004-01-12,50.8,50.9,50.55,50.87,0
2004-01-13,50.9,50.98,50.53,50.61,1
2004-01-14,50.43,50.65,50.4,50.64,1
2004-01-15,51.01,51.27,50.7,51.01,1
2004-01-16,50.97,51.16,50.89,51.13,1
2004-01-20,51.4,51.46,51.04,51.21,0
2004-01-21,50.94,51.18,50.86,51.1,1
2004-01-22,51.19,51.41,51.14,51.2,0
2004-01-23,51.15,51.28,50.79,51.08,0
2004-01-26,51.04,51.17,50.75,51.04,1
2004-01-27,51.29,51.39,51.2,51.24,0
2004-01-28,51.27,51.3,50.63,50.73,1
2004-01-29,51.12,51.33,51.0,51.28,1
2004-01-30,51.21,51.56,51.19,51.47,1
2004-02-02,51.82,52.15,51.74,51.95,0
2004-02-03,51.56,51.85,51.56,51.79,1
2004-02-04,52.17,52.29,52.11,52.22,0
2004-02-05,51.85,52.25,51.82,52.21,1
2004-02-06,52.61,52.66,52.19,52.58,0
2004-02-09,52.36,52.59,52.25,52.35,0
2004-02-10,52.28,52.46,52.19,52.28,1
2004-02-11,52.27,52.49,52.23,52.49,0
2004-02-12,52.4,52.47,52.18,52.2,0
2004-02-13,52.14,52.28,52.01,52.15,1
2004-02-17,52.3,52.5,52.26,52.46,1
2004-02-18,52.61,52.72,52.54,52.65,0
2004-02-19,52.58,52.84,52.56,52.64,0
2004-02-20,52.63,52.74,52.41,52.58,1
2004-02-23,52.5,53.13,52.49,52.99,0
2004-02-24,53.06,53.13,52.86,52.94,1
2004-02-25,52.94,53.16,52.81,53.07,1
2004-02-26,53.06,53.54,53.04,53.47,0
2004-02-27,52.69,53.82,52.69,53.46,1
2004-03-01,54.24,54.38,54.22,54.25,0
2004-03-02,53.48,53.66,53.48,53.55,1
2004-03-03,53.59,54.09,53.59,53.99,0
2004-03-04,53.9,54.14,53.82,53.89,1
2004-03-05,53.42,54.77,53.42,54.67,1
2004-03-08,55.81,55.91,55.38,55.38,0
2004-03-09,54.29,54.69,53.95,53.97,0
2004-03-10,53.75,54.22,53.65,53.65,1
2004-03-11,53.85,54.28,53.68,53.77,1
2004-03-12,53.97,54.07,53.73,54.01,0
2004-03-15,53.9,53.9,53.55,53.62,1
2004-03-16,53.86,54.01,53.6,53.73,0
2004-03-17,53.68,53.76,53.5,53.65,0
2004-03-18,53.6,53.67,53.05,53.24,1
2004-03-19,53.23,53.53,53.14,53.29,1
2004-03-22,53.02,53.85,53.02,53.57,0
2004-03-23,53.51,53.52,52.88,53.05,0
2004-03-24,52.51,52.84,52.46,52.56,1
2004-03-25,53.11,53.62,53.07,53.58,0
2004-03-26,53.39,53.48,53.09,53.13,1
2004-03-29,53.0,53.46,53.0,53.35,1
2004-03-30,53.51,53.86,53.45,53.75,1
2004-03-31,54.04,54.08,53.83,53.93,1
2004-04-01,53.81,54.02,53.74,53.93,1
2004-04-02,53.67,54.2,53.67,53.96,1
2004-04-05,54.1,54.6,54.09,54.55,0
2004-04-06,54.11,54.17,53.97,54.03,0
2004-04-07,53.85,54.18,53.72,53.84,0
2004-04-08,54.02,54.16,53.55,53.75,1
2004-04-12,53.86,54.13,53.83,54.02,0
2004-04-13,54.04,54.19,53.44,53.44,0
2004-04-14,52.17,52.59,51.46,51.93,1
2004-04-15,52.44,52.49,52.07,52.39,1
2004-04-16,52.6,52.96,52.48,52.8,0
2004-04-19,52.24,52.78,52.24,52.47,0
2004-04-20,52.49,52.63,52.1,52.1,0
2004-04-21,51.88,52.08,51.73,52.04,1
2004-04-22,52.45,52.9,52.41,52.76,0
2004-04-23,52.72,52.88,52.57,52.72,0
2004-04-26,52.8,52.87,52.46,52.69,0
2004-04-27,52.82,53.07,52.49,52.6,1
2004-04-28,52.82,52.99,52.55,52.7,0
2004-04-29,53.06,53.07,52.54,52.59,1
2004-04-30,52.87,52.95,52.59,52.61,1
2004-05-03,52.49,52.84,52.35,52.75,1
2004-05-04,53.14,53.14,52.71,52.93,0
2004-05-05,52.62,52.93,52.52,52.88,0
2004-05-06,52.87,52.94,52.48,52.67,0
2004-05-07,52.43,52.67,52.17,52.22,0
2004-05-10,52.0,52.46,51.83,51.93,1
2004-05-11,52.12,52.21,51.85,52.02,0
2004-05-12,51.76,52.2,51.32,51.61,1
2004-05-13,51.77,51.86,51.51,51.73,1
2004-05-14,51.74,52.04,51.59,51.8,0
2004-05-17,51.54,51.77,51.34,51.63,0
2004-05-18,51.61,51.67,51.38,51.5,0
2004-05-19,51.58,51.59,51.27,51.37,0
2004-05-20,51.43,51.6,50.92,51.12,1
2004-05-21,51.14,51.3,51.14,51.23,1
2004-05-24,51.3,51.44,51.13,51.26,0
2004-05-25,51.04,51.33,51.04,51.24,1
2004-05-26,51.48,51.74,51.45,51.64,1
2004-05-27,51.64,52.03,51.57,51.88,1
2004-05-28,51.96,52.07,51.79,51.99,1
2004-06-01,51.86,52.2,51.82,52.07,1
2004-06-02,52.02,52.22,52.02,52.2,0
2004-06-03,52.01,52.47,51.99,52.08,1
2004-06-04,52.34,52.61,52.19,52.34,0
2004-06-07,52.42,52.45,52.07,52.14,1
2004-06-08,52.2,52.4,52.15,52.32,0
2004-06-09,52.47,52.51,52.18,52.23,1
2004-06-10,52.24,52.48,52.17,52.48,0
2004-06-14,52.32,52.62,52.31,52.46,0
2004-06-15,52.45,52.53,52.11,52.2,0
2004-06-16,52.02,52.07,51.91,52.0,1
2004-06-17,52.14,52.31,52.08,52.23,1
2004-06-18,52.23,52.39,52.13,52.39,1
2004-06-21,52.47,52.6,52.37,52.51,0
2004-06-22,52.23,52.44,52.21,52.37,1
2004-06-23,52.51,52.7,52.4,52.67,0
2004-06-24,52.45,52.75,52.44,52.52,0
2004-06-25,52.48,52.57,52.44,52.44,0
2004-06-28,52.25,52.41,51.94,52.08,0
2004-06-29,52.13,52.15,51.96,51.98,0
2004-06-30,51.86,51.87,51.37,51.53,1
2004-07-01,51.73,52.01,51.73,51.9,0
2004-07-02,51.9,52.04,51.7,51.76,0
2004-07-06,51.52,51.65,51.31,51.62,1
2004-07-07,51.8,52.23,51.79,52.08,0
2004-07-08,51.91,52.13,51.89,52.06,1
2004-07-09,52.0,52.16,52.0,52.07,1
2004-07-12,52.06,52.39,52.06,52.37,0
2004-07-13,52.32,52.44,52.11,52.2,1
2004-07-14,52.43,53.12,52.36,52.96,1
2004-07-15,53.08,53.3,53.05,53.17,0
2004-07-16,53.23,53.23,52.95,53.08,0
2004-07-19,52.91,53.25,52.91,53.04,1
2004-07-20,53.25,53.43,53.2,53.36,0
2004-07-21,53.48,53.49,53.02,53.06,0
2004-07-22,52.98,53.12,52.68,52.88,0
2004-07-23,52.73,52.91,52.43,52.51,0
2004-07-26,52.39,52.5,52.21,52.21,1
2004-07-27,52.37,52.94,52.37,52.83,1
2004-07-28,53.14,53.28,52.92,53.19,0
2004-07-29,52.68,52.75,52.49,52.64,1
2004-07-30,52.64,52.85,52.6,52.84,1
2004-08-02,52.92,53.13,52.92,53.03,0
2004-08-03,52.84,52.91,52.51,52.64,0
2004-08-04,52.33,52.42,51.94,52.39,0
2004-08-05,52.57,52.68,52.29,52.36,0
2004-08-06,52.12,52.27,51.85,51.93,0
2004-08-09,51.69,51.98,51.57,51.59,1
2004-08-10,51.96,52.25,51.8,52.24,0
2004-08-11,52.47,52.48,52.06,52.22,0
2004-08-12,51.81,51.95,51.52,51.55,0
2004-08-13,51.55,51.7,51.42,51.51,0
2004-08-16,51.4,51.6,51.35,51.44,1
2004-08-17,51.51,52.01,51.43,51.96,1
2004-08-18,52.39,52.67,52.31,52.47,0
2004-08-19,52.03,52.25,51.98,52.14,1
2004-08-20,52.03,52.5,52.03,52.5,1
2004-08-23,52.98,53.07,52.65,52.65,0
2004-08-24,52.12,52.47,52.12,52.33,1
2004-08-25,52.54,52.67,52.32,52.63,0
2004-08-26,52.45,52.67,52.41,52.53,1
2004-08-27,52.51,52.67,52.44,52.58,0
2004-08-30,52.57,52.81,52.53,52.53,0
2004-08-31,52.45,52.52,52.18,52.46,1
2004-09-01,52.49,52.65,52.35,52.61,1
2004-09-02,52.59,52.86,52.46,52.83,1
2004-09-03,52.77,53.16,52.77,53.05,0
2004-09-07,53.31,53.34,52.82,53.03,0
2004-09-08,52.8,52.9,52.51,52.53,1
2004-09-09,53.02,53.16,52.73,52.78,0
2004-09-10,52.62,52.67,52.42,52.48,0
2004-09-13,52.23,52.45,52.23,52.45,1
2004-09-14,52.61,53.0,52.48,52.92,1
2004-09-15,53.21,53.27,53.07,53.16,0
2004-09-16,52.8,53.02,52.8,52.91,1
2004-09-17,53.04,53.06,52.89,52.97,0
2004-09-20,52.87,53.14,52.71,52.75,1
2004-09-21,52.84,53.1,52.78,53.05,0
2004-09-22,53.12,53.12,52.64,52.69,0
2004-09-23,52.51,52.81,52.49,52.54,1
2004-09-24,52.62,53.02,52.62,52.92,1
2004-09-27,53.08,53.55,53.06,53.46,0
2004-09-28,53.06,53.26,53.02,53.2,1
2004-09-29,53.16,53.33,53.08,53.27,0
2004-09-30,53.06,53.33,53.0,53.25,1
2004-10-01,53.23,53.42,53.16,53.34,1
2004-10-04,53.45,53.55,53.27,53.34,0
2004-10-05,53.19,53.22,53.05,53.18,0
2004-10-06,53.14,53.14,52.79,53.09,1
2004-10-07,53.35,53.58,53.13,53.17,1
2004-10-08,53.17,53.36,53.14,53.17,0
2004-10-11,53.17,53.25,52.91,52.98,0
2004-10-12,52.82,52.98,52.69,52.87,1
2004-10-13,53.52,53.98,53.33,53.96,1
2004-10-14,53.74,54.16,53.74,54.07,0
2004-10-15,54.19,54.39,53.98,54.0,0
2004-10-18,53.68,54.19,53.66,53.97,1
2004-10-19,54.18,54.4,53.87,54.02,0
2004-10-20,53.64,53.71,53.33,53.68,0
2004-10-21,53.85,54.0,53.44,53.63,0
2004-10-22,53.58,53.8,53.55,53.62,0
2004-10-25,53.53,53.7,53.35,53.56,1
2004-10-26,53.54,53.91,53.38,53.91,1
2004-10-27,54.12,54.53,54.07,54.53,0
2004-10-28,53.99,54.1,53.91,54.05,1
2004-10-29,53.87,54.12,53.76,54.12,1
2004-11-01,54.26,54.69,54.22,54.67,0
2004-11-02,54.4,54.58,54.05,54.16,0
2004-11-03,53.89,54.1,53.57,53.99,1
2004-11-04,54.26,54.55,54.24,54.5,1
2004-11-05,54.6,54.99,54.53,54.85,1
2004-11-08,55.33,55.8,55.05,55.17,0
2004-11-09,54.84,55.01,54.73,54.92,0
2004-11-10,54.83,55.07,54.71,54.88,1
2004-11-11,54.87,55.12,54.73,55.01,1
2004-11-12,55.09,55.18,54.87,55.18,1
2004-11-15,55.14,55.3,55.07,55.21,0
2004-11-16,55.16,55.16,54.87,54.87,0
2004-11-17,54.74,54.91,54.58,54.81,0
2004-11-18,54.98,55.23,54.51,54.75,0
2004-11-19,54.51,54.59,54.0,54.23,0
2004-11-22,54.08,54.18,53.75,54.03,1
2004-11-23,54.22,54.88,54.21,54.86,1
2004-11-24,55.68,56.18,55.68,55.84,0
2004-11-26,55.05,55.36,55.03,55.24,1
2004-11-29,55.54,55.65,54.99,55.57,0
2004-11-30,55.26,55.44,55.18,55.37,1
2004-12-01,55.59,55.95,55.56,55.83,1
2004-12-02,55.82,56.02,55.68,55.9,0
2004-12-03,55.9,55.9,55.66,55.79,0
2004-12-06,55.63,55.63,55.43,55.53,1
2004-12-07,55.63,55.85,55.49,55.74,1
2004-12-08,55.83,56.25,55.82,56.05,1
2004-12-09,55.72,56.23,55.68,56.18,0
2004-12-10,56.27,56.27,55.89,56.09,1
2004-12-13,56.07,56.18,55.98,56.18,1
2004-12-14,56.33,56.37,56.21,56.28,1
2004-12-15,56.17,56.68,56.17,56.64,1
2004-12-16,56.7,56.94,56.6,56.87,0
2004-12-17,56.87,57.08,56.69,56.77,0
2004-12-20,56.68,56.87,56.4,56.56,1
2004-12-21,56.79,56.92,56.66,56.8,0
2004-12-22,56.88,57.11,56.6,56.77,0
2004-12-23,56.78,56.92,56.44,56.6,0
2004-12-27,56.65,56.75,56.43,56.46,1
2004-12-28,56.56,56.74,56.51,56.7,1
2004-12-29,56.84,56.94,56.65,56.89,0
2004-12-30,56.74,56.89,56.61,56.65,0
2004-12-31,56.65,56.69,56.38,56.39,0
2005-01-03,55.75,56.24,55.7,55.92,1
2005-01-04,56.15,56.59,56.15,56.41,1
2005-01-05,56.71,56.86,56.52,56.52,0
2005-01-06,56.22,56.5,56.18,56.4,0
2005-01-07,56.38,56.49,56.14,56.25,0
2005-01-10,55.95,56.1,55.83,55.95,0
2005-01-11,55.9,56.09,55.61,55.65,0
2005-01-12,55.5,55.61,55.3,55.6,0
2005-01-13,55.76,55.81,55.45,55.49,1
2005-01-14,55.44,55.84,55.41,55.8,1
2005-01-18,56.09,56.48,56.0,56.4,1
2005-01-19,56.46,56.7,56.35,56.4,0
2005-01-20,56.01,56.17,55.67,55.92,0
2005-01-21,55.92,56.03,55.67,55.76,1
2005-01-24,55.85,56.1,55.74,55.98,1
2005-01-25,56.34,56.42,56.27,56.3,1
2005-01-26,56.26,56.5,56.21,56.3,1
2005-01-27,56.35,56.65,56.3,56.44,0
2005-01-28,56.23,56.54,55.73,56.35,1
2005-01-31,56.54,56.85,56.54,56.76,0
2005-02-01,56.39,56.5,56.28,56.33,0
2005-02-02,56.2,56.31,55.95,56.12,1
2005-02-03,56.03,56.42,55.88,56.39,1
2005-02-04,56.21,56.82,56.19,56.79,1
2005-02-07,57.31,57.68,57.31,57.62,0
2005-02-08,56.92,57.02,56.65,56.68,0
2005-02-09,56.44,56.5,56.09,56.1,1
2005-02-10,56.42,56.51,56.23,56.42,1
2005-02-11,56.27,56.73,56.18,56.54,1
2005-02-14,56.85,57.2,56.82,57.13,1
2005-02-15,56.82,57.28,56.82,57.26,1
2005-02-16,57.55,57.61,57.18,57.32,0
2005-02-17,56.72,56.73,56.5,56.57,1
2005-02-18,56.46,56.73,56.39,56.6,0
2005-02-22,56.72,56.83,56.44,56.44,0
2005-02-23,56.1,56.45,56.08,56.41,1
2005-02-24,56.69,56.9,56.55,56.86,1
2005-02-25,56.7,57.12,56.6,57.12,1
2005-02-28,57.49,57.7,57.39,57.57,0
2005-03-01,57.15,57.46,57.15,57.39,1
2005-03-02,57.38,57.99,57.38,57.57,0
2005-03-03,57.35,57.6,57.13,57.45,1
2005-03-04,57.6,58.09,57.52,57.88,1
2005-03-07,58.46,58.67,58.36,58.39,0
2005-03-08,57.91,57.91,57.06,57.5,0
2005-03-09,56.39,56.65,56.14,56.3,1
2005-03-10,56.84,56.96,56.74,56.93,0
2005-03-11,56.94,57.07,56.75,56.81,1
2005-03-14,56.63,56.99,56.63,56.96,0
2005-03-15,57.14,57.19,56.58,56.69,0
2005-03-16,56.1,56.24,55.9,56.11,1
2005-03-17,56.58,56.6,56.1,56.19,1
2005-03-18,56.2,56.29,55.78,56.25,0
2005-03-21,56.21,56.3,56.03,56.16,0
2005-03-22,56.1,56.28,55.9,55.92,0
2005-03-23,55.81,55.99,55.68,55.74,1
2005-03-24,56.0,56.18,55.92,56.02,0
2005-03-28,55.89,56.16,55.88,55.98,0
2005-03-29,55.83,55.9,55.54,55.58,1
2005-03-30,55.3,55.84,55.3,55.82,0
2005-03-31,56.04,56.04,55.64,55.68,0
2005-04-01,55.72,55.97,55.47,55.56,0
2005-04-04,55.46,55.51,55.13,55.39,1
2005-04-05,55.46,55.79,55.42,55.73,1
2005-04-06,55.92,56.36,55.81,56.2,0
2005-04-07,55.88,56.04,55.69,55.94,0
2005-04-08,55.94,56.18,55.66,55.68,0
2005-04-11,55.32,55.37,54.96,55.18,1
2005-04-12,55.25,55.6,55.03,55.49,1
2005-04-13,56.1,56.48,55.93,55.94,0
2005-04-14,55.82,55.83,55.36,55.38,0
2005-04-15,55.26,55.31,54.89,55.01,0
2005-04-18,54.67,54.73,54.06,54.63,1
2005-04-19,54.86,54.98,54.69,54.93,0
2005-04-20,54.92,55.07,54.61,54.8,0
2005-04-21,55.0,55.18,54.4,54.67,1
2005-04-22,55.17,55.29,54.58,54.82,0
2005-04-25,54.41,54.81,54.21,54.66,1
2005-04-26,54.91,55.0,54.74,54.79,1
2005-04-27,54.56,54.99,54.51,54.8,0
2005-04-28,54.67,54.9,54.48,54.48,0
2005-04-29,54.48,54.62,54.09,54.25,0
2005-05-02,53.88,54.25,53.88,54.23,1
2005-05-03,54.58,54.8,54.49,54.64,1
2005-05-04,54.69,55.06,54.65,54.96,0
2005-05-05,54.94,55.01,54.6,54.74,0
2005-05-06,54.75,54.82,54.29,54.3,1
2005-05-09,54.12,54.47,54.04,54.45,1
2005-05-10,54.75,55.04,54.63,54.87,0
2005-05-11,54.93,55.04,54.69,54.8,0
2005-05-12,54.78,54.86,54.61,54.61,0
2005-05-13,54.5,54.65,54.39,54.51,1
2005-05-16,54.56,54.8,54.48,54.7,1
2005-05-17,54.7,54.84,54.52,54.77,1
2005-05-18,54.97,55.37,54.92,55.31,1
2005-05-19,55.44,55.61,55.31,55.56,0
2005-05-20,55.49,55.68,55.36,55.52,1
2005-05-23,55.48,55.99,55.48,55.85,0
2005-05-24,55.73,55.81,55.32,55.48,0
2005-05-25,55.19,55.29,55.11,55.21,1
2005-05-26,55.57,55.95,55.54,55.94,0
2005-05-27,55.9,55.9,55.72,55.79,0
2005-05-31,55.6,55.6,55.42,55.42,0
2005-06-01,55.26,55.51,55.15,55.4,1
2005-06-02,55.49,55.74,55.42,55.67,0
2005-06-03,55.6,55.63,55.16,55.19,0
2005-06-06,54.63,54.67,54.47,54.63,0
2005-06-07,55.06,55.17,54.26,54.45,0
2005-06-08,53.84,53.91,53.54,53.57,1
2005-06-09,54.18,54.21,53.81,53.99,1
2005-06-10,54.08,54.42,53.98,54.41,0
2005-06-13,54.38,54.66,54.24,54.4,0
2005-06-14,54.12,54.44,54.12,54.24,0
2005-06-15,54.37,54.43,53.98,54.1,1
2005-06-16,54.0,54.14,53.94,54.1,0
2005-06-17,54.32,54.32,53.99,54.01,0
2005-06-20,53.6,53.84,53.56,53.76,1
2005-06-21,53.98,54.15,53.88,54.04,1
2005-06-22,54.27,54.3,54.04,54.09,0
2005-06-23,53.96,54.08,53.66,53.67,0
2005-06-24,53.66,53.74,53.39,53.43,0
2005-06-27,53.17,53.37,53.12,53.14,1
2005-06-28,53.35,53.6,53.32,53.41,0
2005-06-29,53.53,53.64,53.2,53.23,0
2005-06-30,53.26,53.38,53.02,53.03,1
2005-07-01,53.08,53.32,53.0,53.18,1
2005-07-05,53.19,53.4,53.1,53.3,0
2005-07-06,53.31,53.32,53.03,53.1,1
2005-07-07,52.86,53.27,52.72,53.22,1
2005-07-08,53.24,53.92,53.07,53.74,1
2005-07-11,54.35,54.49,54.25,54.42,0
2005-07-12,54.18,54.2,54.01,54.13,1
2005-07-13,54.09,54.44,54.08,54.42,1
2005-07-14,54.5,54.76,54.44,54.49,1
2005-07-15,54.72,55.62,54.48,55.56,1
2005-07-18,56.26,56.38,56.09,56.33,0
2005-07-19,55.48,55.54,55.37,55.45,1
2005-07-20,55.28,55.53,55.21,55.46,0
2005-07-21,55.18,55.77,55.0,55.4,1
2005-07-22,55.22,55.55,55.19,55.53,1
2005-07-25,55.6,55.72,55.48,55.58,0
2005-07-26,55.28,55.39,55.02,55.07,0
2005-07-27,54.86,54.92,54.56,54.64,1
2005-07-28,54.86,55.12,54.86,55.0,1
2005-07-29,55.18,55.71,55.18,55.7,1
2005-08-01,55.43,56.27,55.43,56.16,0
2005-08-02,55.84,56.04,55.76,55.96,1
2005-08-03,55.92,56.26,55.84,56.16,0
2005-08-04,56.0,56.08,55.65,55.73,1
2005-08-05,55.64,55.95,55.64,55.8,1
2005-08-08,56.34,56.82,56.33,56.63,1
2005-08-09,56.58,56.7,56.38,56.69,1
2005-08-10,56.84,57.24,56.67,57.03,1
2005-08-11,57.09,58.46,57.02,58.45,0
2005-08-12,57.77,57.94,57.25,57.39,0
2005-08-15,56.5,57.29,56.49,57.26,1
2005-08-16,57.52,57.69,57.16,57.26,1
2005-08-17,56.91,57.82,56.88,57.57,0
2005-08-18,57.62,57.65,57.19,57.46,0
2005-08-19,57.32,57.55,57.29,57.42,1
2005-08-22,57.52,57.58,57.27,57.46,0
2005-08-23,57.27,57.3,57.01,57.16,0
2005-08-24,57.02,57.22,56.83,57.0,1
2005-08-25,57.05,57.51,57.05,57.36,1
2005-08-26,57.2,57.6,57.11,57.5,1
2005-08-29,57.56,57.79,57.26,57.57,0
2005-08-30,57.21,57.21,56.51,56.66,0
2005-08-31,56.21,56.36,55.8,56.13,0
2005-09-01,56.58,56.63,55.98,55.99,1
2005-09-02,56.2,56.35,56.13,56.27,1
2005-09-06,56.83,57.13,56.72,56.93,1
2005-09-07,57.27,57.91,57.24,57.78,0
2005-09-08,57.52,57.66,57.29,57.44,1
2005-09-09,57.42,58.23,57.35,58.02,1
2005-09-12,58.47,58.67,58.31,58.38,0
2005-09-13,57.71,57.81,57.22,57.22,0
2005-09-14,56.87,56.88,56.1,56.13,1
2005-09-15,56.6,57.49,56.6,57.45,1
2005-09-16,57.74,58.75,57.6,58.14,0
2005-09-19,58.16,58.37,57.93,57.95,0
2005-09-20,57.51,57.79,56.73,56.82,0
2005-09-21,56.12,56.22,55.19,55.28,1
2005-09-22,55.87,57.22,55.8,57.18,0
2005-09-23,57.16,57.62,56.81,56.88,1
2005-09-26,56.79,57.42,56.79,57.03,1
2005-09-27,57.29,57.36,57.11,57.14,0
2005-09-28,57.35,57.74,57.07,57.07,1
2005-09-29,57.17,57.57,57.12,57.5,1
2005-09-30,57.52,57.64,57.23,57.52,1
2005-10-03,57.44,57.9,57.44,57.81,0
2005-10-04,57.48,57.56,56.99,57.04,0
2005-10-05,56.54,56.84,56.44,56.62,1
2005-10-06,57.02,57.27,56.74,56.92,0
2005-10-07,56.94,56.95,56.42,56.52,0
2005-10-10,56.28,56.28,56.05,56.18,1
2005-10-11,57.17,57.43,56.6,56.61,0
2005-10-12,56.01,56.21,55.52,55.56,1
2005-10-13,56.62,56.88,56.15,56.37,1
2005-10-14,56.46,56.63,56.35,56.59,1
2005-10-17,56.72,57.02,56.72,57.01,0
2005-10-18,56.97,57.03,56.58,56.72,1
2005-10-19,56.66,57.69,56.48,57.43,0
2005-10-20,57.5,57.51,56.37,56.68,1
2005-10-21,56.17,57.0,56.17,56.68,1
2005-10-24,57.32,57.7,57.1,57.69,0
2005-10-25,57.17,57.45,56.86,57.13,0
2005-10-26,57.09,57.12,56.55,56.55,0
2005-10-27,56.57,56.63,55.93,55.99,1
2005-10-28,56.2,56.55,55.97,56.55,0
2005-10-31,56.94,57.32,56.37,56.4,0
2005-11-01,56.91,56.91,56.03,56.16,0
2005-11-02,55.66,55.87,55.45,55.71,1
2005-11-03,56.7,57.38,56.62,57.31,1
2005-11-04,57.35,57.51,57.16,57.47,1
2005-11-07,57.43,57.86,57.3,57.78,1
2005-11-08,57.69,57.96,57.4,57.92,0
2005-11-09,58.12,58.26,57.56,57.6,0
2005-11-10,57.07,57.33,56.88,57.29,1
2005-11-11,57.41,57.83,57.16,57.76,1
2005-11-14,58.06,58.41,58.02,58.16,0
2005-11-15,57.77,57.95,57.25,57.37,0
2005-11-16,56.95,57.14,56.46,56.52,1
2005-11-17,57.17,57.39,57.02,57.26,0
2005-11-18,57.56,57.56,57.08,57.2,0
2005-11-21,56.84,56.95,56.68,56.88,1
2005-11-22,57.14,57.19,56.97,57.12,1
2005-11-23,57.14,57.79,57.11,57.66,0
2005-11-25,57.74,57.75,57.5,57.5,1
2005-11-28,57.4,57.76,57.31,57.65,1
2005-11-29,58.1,58.36,57.82,57.85,0
2005-11-30,57.79,58.27,57.56,57.56,1
2005-12-01,58.08,58.98,57.95,58.94,0
2005-12-02,58.77,58.92,58.53,58.66,0
2005-12-05,58.39,58.52,58.12,58.25,1
2005-12-06,58.55,58.89,58.51,58.81,1
2005-12-07,58.96,59.17,58.81,59.16,0
2005-12-08,58.78,58.97,58.45,58.55,1
2005-12-09,58.76,58.86,57.98,58.56,0
2005-12-12,58.37,58.37,57.98,58.08,1
2005-12-13,58.17,59.1,58.17,58.89,1
2005-12-14,59.57,59.94,59.52,59.82,0
2005-12-15,59.08,59.23,58.58,58.68,0
2005-12-16,58.67,58.77,58.43,58.48,0
2005-12-19,58.25,58.46,57.79,57.81,1
2005-12-20,57.89,58.16,57.74,58.01,1
2005-12-21,58.2,58.62,58.2,58.38,0
2005-12-22,58.3,58.44,58.0,58.36,0
2005-12-23,58.45,58.45,58.17,58.34,0
2005-12-27,58.25,58.37,57.81,57.88,0
2005-12-28,57.64,57.87,57.59,57.71,1
2005-12-29,57.95,58.14,57.92,58.02,0
2005-12-30,57.99,58.14,57.58,57.69,0
2006-01-03,57.85,57.85,57.0,57.25,0
2006-01-04,56.82,57.15,56.81,57.13,1
2006-01-05,57.77,58.07,57.7,57.8,1
2006-01-06,58.09,58.14,57.76,57.95,1
2006-01-09,57.78,58.35,57.77,58.33,1
2006-01-10,58.4,58.58,58.34,58.5,1
2006-01-11,58.64,59.06,58.63,59.05,0
2006-01-12,58.9,58.95,58.5,58.54,0
2006-01-13,58.4,58.47,58.17,58.26,0
2006-01-17,58.35,58.69,58.19,58.25,1
2006-01-18,58.26,58.93,58.13,58.58,1
2006-01-19,58.94,58.99,58.7,58.86,1
2006-01-20,58.84,59.39,58.75,59.35,1
2006-01-23,59.84,60.02,59.38,59.72,0
2006-01-24,59.42,59.71,59.21,59.35,0
2006-01-25,59.39,59.5,58.26,58.73,0
2006-01-26,59.07,59.23,58.49,58.64,1
2006-01-27,58.62,58.85,58.6,58.71,1
2006-01-30,58.69,58.82,58.63,58.78,0
2006-01-31,58.72,58.88,58.61,58.7,1
2006-02-01,58.67,59.22,58.66,59.19,0
2006-02-02,58.96,59.33,58.83,59.05,1
2006-02-03,59.04,59.53,59.03,59.45,1
2006-02-06,59.84,60.18,59.76,59.94,0
2006-02-07,59.7,59.87,59.52,59.62,1
2006-02-08,59.85,59.97,59.59,59.67,1
2006-02-09,59.71,59.85,59.64,59.7,1
2006-02-10,59.68,59.83,59.55,59.72,1
2006-02-13,59.84,59.98,59.64,59.8,0
2006-02-14,59.75,59.89,59.52,59.75,0
2006-02-15,59.68,59.69,59.28,59.48,1
2006-02-16,59.45,59.76,59.35,59.75,0
2006-02-17,59.76,59.82,59.48,59.52,0
2006-02-21,59.14,59.24,58.73,58.97,1
2006-02-22,59.08,59.34,59.05,59.23,0
2006-02-23,59.28,59.47,59.08,59.15,0
2006-02-24,59.07,59.09,58.83,58.95,0
2006-02-27,58.8,58.98,58.66,58.77,0
2006-02-28,58.92,59.05,58.6,58.62,0
2006-03-01,58.35,58.49,57.9,58.29,1
2006-03-02,58.63,58.68,58.44,58.64,0
2006-03-03,58.49,58.73,58.41,58.57,0
2006-03-06,58.47,58.75,58.44,58.52,0
2006-03-07,58.34,58.52,58.24,58.41,1
2006-03-08,58.49,58.67,58.48,58.5,0
2006-03-09,58.39,58.48,58.21,58.32,1
2006-03-10,58.37,58.69,58.33,58.41,0
2006-03-13,58.35,58.49,58.03,58.19,0
2006-03-14,58.04,58.22,58.0,58.11,1
2006-03-15,58.13,58.61,58.12,58.57,1
2006-03-16,58.46,58.81,58.46,58.74,1
2006-03-17,58.89,58.89,58.7,58.78,0
2006-03-20,58.55,58.65,58.33,58.38,1
2006-03-21,58.43,58.79,58.43,58.61,1
2006-03-22,58.91,58.99,58.6,58.74,0
2006-03-23,58.54,58.54,58.19,58.33,1
2006-03-24,58.33,58.58,58.22,58.45,1
2006-03-27,58.37,58.55,58.33,58.47,0
2006-03-28,58.19,58.51,58.13,58.15,1
2006-03-29,58.02,58.37,57.99,58.34,1
2006-03-30,58.23,58.53,58.05,58.34,0
2006-03-31,58.23,58.4,58.11,58.19,1
2006-04-03,58.22,58.58,58.21,58.44,0
2006-04-04,58.6,58.62,58.36,58.43,0
2006-04-05,58.16,58.4,58.05,58.34,1
2006-04-06,58.28,58.62,58.28,58.38,1
2006-04-07,58.4,58.68,58.28,58.6,1
2006-04-10,58.87,59.22,58.83,59.14,0
2006-04-11,58.99,59.13,58.84,59.12,0
2006-04-12,59.09,59.12,58.78,58.95,0
2006-04-13,59.07,59.07,58.45,58.57,0
2006-04-17,58.5,58.54,57.93,58.14,1
2006-04-18,58.15,58.44,57.99,58.28,1
2006-04-19,58.27,58.68,58.27,58.44,1
2006-04-20,58.34,58.78,58.34,58.76,0
2006-04-21,58.59,58.69,58.19,58.38,0
2006-04-24,57.96,58.04,57.75,57.89,0
2006-04-25,57.95,58.04,57.76,57.79,1
2006-04-26,57.69,57.87,57.54,57.85,1
2006-04-27,57.8,58.42,57.8,58.4,0
2006-04-28,58.39,58.48,58.16,58.37,0
2006-05-01,58.38,58.47,58.13,58.17,1
2006-05-02,58.21,58.31,58.07,58.22,1
2006-05-03,58.29,58.6,58.17,58.59,0
2006-05-04,58.57,58.75,58.54,58.57,1
2006-05-05,58.59,58.88,58.57,58.85,1
2006-05-08,59.1,59.24,59.09,59.24,1
2006-05-09,59.24,59.42,59.14,59.34,1
2006-05-10,59.38,59.56,59.32,59.53,0
2006-05-11,59.43,59.44,58.86,58.96,0
2006-05-12,58.97,59.09,58.58,58.59,0
2006-05-15,58.16,58.25,57.95,58.23,1
2006-05-16,58.73,58.78,58.43,58.46,0
2006-05-17,58.06,58.24,57.99,58.09,1
2006-05-18,58.56,58.66,58.23,58.25,0
2006-05-19,58.41,58.47,57.88,58.02,0
2006-05-22,57.52,57.57,57.08,57.49,1
2006-05-23,57.93,58.01,57.54,57.54,0
2006-05-24,57.26,57.3,56.61,56.73,1
2006-05-25,57.23,57.34,57.03,57.33,0
2006-05-26,57.4,57.4,57.04,57.07,0
2006-05-30,56.65,56.87,56.51,56.59,1
2006-05-31,56.9,57.29,56.85,57.2,1
2006-06-01,57.11,57.71,57.1,57.66,0
2006-06-02,57.58,57.76,57.34,57.55,0
2006-06-05,57.49,57.53,57.16,57.21,1
2006-06-06,57.31,57.55,56.97,57.36,1
2006-06-07,57.56,57.77,57.41,57.42,1
2006-06-08,57.57,57.7,57.11,57.66,0
2006-06-09,57.64,57.82,57.43,57.43,0
2006-06-12,57.34,57.43,56.81,56.89,0
2006-06-13,57.49,57.49,56.14,56.3,0
2006-06-14,55.01,55.75,54.98,55.67,1
2006-06-15,57.07,57.55,56.85,57.41,0
2006-06-16,57.39,57.42,57.1,57.25,0
2006-06-19,57.09,57.2,56.82,56.89,1
2006-06-20,57.12,57.2,56.88,57.09,1
2006-06-21,56.98,57.51,56.98,57.41,0
2006-06-22,57.3,57.46,56.74,56.79,1
2006-06-23,56.77,57.13,56.73,56.81,1
2006-06-26,56.86,57.01,56.73,56.91,0
2006-06-27,56.74,56.97,56.73,56.75,0
2006-06-28,56.74,56.81,56.28,56.33,1
2006-06-29,56.65,57.66,56.65,57.56,1
2006-06-30,57.8,58.42,57.61,57.64,1
2006-07-03,57.49,57.73,57.39,57.7,1
2006-07-05,57.48,57.81,57.36,57.72,0
2006-07-06,57.7,57.79,57.47,57.67,0
2006-07-07,57.53,57.68,57.2,57.27,1
2006-07-10,57.29,57.59,57.2,57.43,1
2006-07-11,57.75,58.17,57.37,58.13,1
2006-07-12,58.6,58.65,58.04,58.15,0
2006-07-13,57.54,57.64,57.17,57.24,0
2006-07-14,57.09,57.22,56.92,57.15,1
2006-07-17,57.96,58.71,57.8,58.52,1
2006-07-18,58.71,58.84,58.38,58.56,1
2006-07-19,58.41,58.71,58.32,58.63,0
2006-07-20,58.63,58.7,58.32,58.44,1
2006-07-21,58.46,58.48,58.25,58.44,1
2006-07-24,58.43,58.64,58.33,58.55,0
2006-07-25,58.69,58.96,58.42,58.51,0
2006-07-26,58.11,58.33,58.03,58.08,1
2006-07-27,58.45,58.65,58.26,58.48,1
2006-07-28,58.53,59.0,58.39,58.91,1
2006-07-31,59.35,59.46,59.17,59.37,0
2006-08-01,58.84,58.87,58.57,58.75,1
2006-08-02,58.98,59.14,58.58,59.05,1
2006-08-03,58.96,59.47,58.81,59.34,0
2006-08-04,59.46,59.53,58.88,59.02,0
2006-08-07,58.49,58.73,58.46,58.71,1
2006-08-08,59.11,59.22,58.65,58.82,0
2006-08-09,58.82,58.84,57.85,57.93,1
2006-08-10,58.07,58.73,58.06,58.57,0
2006-08-11,58.6,58.67,58.31,58.46,0
2006-08-14,58.59,58.63,58.29,58.33,1
2006-08-15,58.82,59.13,58.63,59.07,1
2006-08-16,59.4,59.71,59.27,59.69,0
2006-08-17,59.48,59.67,59.41,59.66,0
2006-08-18,59.66,59.66,59.4,59.61,0
2006-08-21,59.49,59.49,59.12,59.19,0
2006-08-22,59.23,59.47,59.02,59.15,0
2006-08-23,59.04,59.18,58.8,59.06,1
2006-08-24,59.15,59.37,58.81,59.37,0
2006-08-25,59.18,59.23,58.82,58.87,1
2006-08-28,58.5,59.11,58.49,59.02,1
2006-08-29,59.34,59.6,59.28,59.55,1
2006-08-30,59.8,59.82,59.51,59.78,0
2006-08-31,59.59,59.61,59.29,59.39,1
2006-09-01,59.66,60.09,59.47,60.06,1
2006-09-05,60.31,60.48,60.21,60.39,0
2006-09-06,59.81,59.99,59.67,59.71,1
2006-09-07,59.56,59.94,59.5,59.87,1
2006-09-08,60.01,60.65,59.75,60.65,1
2006-09-11,61.31,61.42,60.92,60.93,1
2006-09-12,60.56,61.25,60.52,61.18,1
2006-09-13,61.55,61.78,61.55,61.59,0
2006-09-14,60.75,60.89,60.27,60.5,1
2006-09-15,60.67,60.89,60.46,60.81,0
2006-09-18,60.95,60.96,60.61,60.71,0
2006-09-19,60.66,60.79,60.5,60.7,1
2006-09-20,60.9,61.02,60.78,60.9,1
2006-09-21,60.93,61.35,60.87,61.29,0
2006-09-22,61.26,61.44,61.08,61.19,1
2006-09-25,61.12,61.71,61.02,61.62,1
2006-09-26,61.5,61.88,61.46,61.86,1
2006-09-27,62.45,62.94,62.45,62.75,0
2006-09-28,62.41,62.54,62.0,62.28,0
2006-09-29,62.23,62.49,61.89,61.9,0
2006-10-02,61.57,62.08,61.44,61.88,1
2006-10-03,62.3,62.63,62.3,62.34,1
2006-10-04,62.5,62.7,62.39,62.63,0
2006-10-05,62.56,62.63,62.33,62.43,1
2006-10-06,62.55,62.8,62.18,62.67,1
2006-10-09,62.81,63.24,62.7,63.14,1
2006-10-10,62.99,63.29,62.95,63.25,1
2006-10-11,63.29,63.82,63.29,63.79,1
2006-10-12,64.08,64.51,64.0,64.33,0
2006-10-13,64.07,64.32,64.03,64.23,1
2006-10-16,64.25,64.51,64.07,64.39,0
2006-10-17,64.03,64.13,63.73,63.84,0
2006-10-18,63.96,64.04,63.37,63.56,0
2006-10-19,63.7,63.73,62.58,63.18,1
2006-10-20,63.43,63.72,63.18,63.72,1
2006-10-23,63.95,64.72,63.93,64.55,0
2006-10-24,64.1,64.53,64.05,64.37,1
2006-10-25,64.61,64.8,64.18,64.42,0
2006-10-26,64.08,64.26,63.84,64.23,0
2006-10-27,64.01,64.09,63.69,63.74,1
2006-10-30,63.48,63.86,63.28,63.83,1
2006-10-31,64.29,64.34,63.84,64.09,0
2006-11-01,64.07,64.07,63.76,63.84,1
2006-11-02,63.94,64.22,63.85,64.19,0
2006-11-03,64.19,64.23,63.54,63.56,0
2006-11-06,63.11,63.38,62.87,63.33,1
2006-11-07,64.02,64.22,63.89,63.9,1
2006-11-08,63.72,64.21,63.51,64.04,1
2006-11-09,64.17,64.24,64.04,64.22,0
2006-11-10,64.23,64.32,64.12,64.12,0
2006-11-13,63.42,63.73,63.14,63.66,0
2006-11-14,63.84,63.87,63.28,63.58,0
2006-11-15,63.28,63.69,63.13,63.22,1
2006-11-16,63.6,63.98,63.41,63.89,1
2006-11-17,63.89,64.01,63.59,64.01,1
2006-11-20,64.08,64.25,63.97,64.16,1
2006-11-21,64.13,64.34,64.08,64.2,1
2006-11-22,64.26,64.4,64.01,64.33,0
2006-11-24,64.05,64.35,63.89,64.06,0
2006-11-27,64.16,64.21,63.41,63.45,1
2006-11-28,63.33,63.7,63.17,63.65,1
2006-11-29,64.11,64.41,64.04,64.34,0
2006-11-30,64.1,64.24,63.8,64.13,1
2006-12-01,64.29,64.35,63.91,64.21,1
2006-12-04,64.12,64.6,64.08,64.47,1
2006-12-05,64.73,65.27,64.55,64.74,1
2006-12-06,64.9,64.93,64.58,64.9,1
2006-12-07,64.93,65.26,64.9,65.15,1
2006-12-08,65.34,65.63,65.13,65.53,1
2006-12-11,65.5,65.72,65.39,65.56,0
2006-12-12,65.31,65.38,64.78,64.96,1
2006-12-13,64.69,65.06,64.65,64.99,1
2006-12-14,65.33,65.66,65.23,65.47,0
2006-12-15,65.47,65.67,65.02,65.25,0
2006-12-18,64.96,65.28,64.89,65.07,1
2006-12-19,65.31,65.71,65.12,65.7,1
2006-12-20,66.12,66.31,65.92,66.01,0
2006-12-21,65.7,65.86,65.49,65.6,0
2006-12-22,65.6,65.69,65.33,65.37,0
2006-12-26,65.22,65.42,65.09,65.33,1
2006-12-27,65.77,66.09,65.67,66.07,0
2006-12-28,65.98,66.2,65.73,65.99,0
2006-12-29,65.84,66.24,65.79,65.97,0
2007-01-03,65.55,66.12,65.44,65.72,0
2007-01-04,65.51,65.6,64.83,65.35,0
2007-01-05,65.23,65.56,65.19,65.34,1
2007-01-08,65.44,65.71,65.24,65.6,0
2007-01-09,65.61,65.83,65.4,65.55,1
2007-01-10,65.48,65.88,65.23,65.86,1
2007-01-11,65.89,66.19,65.8,66.12,0
2007-01-12,66.24,66.24,65.78,65.88,0
2007-01-16,65.61,65.83,65.46,65.77,1
2007-01-17,66.33,66.71,66.19,66.56,0
2007-01-18,66.4,66.49,66.12,66.18,1
2007-01-19,66.22,66.4,65.93,66.33,0
2007-01-22,66.45,66.45,65.98,66.1,1
2007-01-23,66.13,66.48,66.01,66.37,0
2007-01-24,66.27,66.29,65.95,66.05,0
2007-01-25,65.69,65.81,64.81,64.92,0
2007-01-26,64.92,64.97,64.54,64.85,1
2007-01-29,64.69,65.36,64.66,65.04,1
2007-01-30,65.31,65.6,65.31,65.54,1
2007-01-31,65.74,66.26,65.64,66.19,0
2007-02-01,65.91,66.12,65.87,66.09,1
2007-02-02,66.09,66.29,66.04,66.14,1
2007-02-05,66.11,66.31,65.99,66.17,1
2007-02-06,66.26,66.38,66.04,66.31,1
2007-02-07,66.35,66.45,66.12,66.33,0
2007-02-08,66.28,66.36,65.82,65.98,1
2007-02-09,66.07,66.4,66.03,66.14,1
2007-02-12,66.16,66.47,66.08,66.34,1
2007-02-13,66.38,66.47,66.27,66.42,1
2007-02-14,66.48,66.56,66.3,66.54,0
2007-02-15,66.41,66.68,66.36,66.47,1
2007-02-16,66.49,66.79,66.38,66.74,1
2007-02-20,66.89,67.46,66.8,67.38,1
2007-02-21,67.58,67.88,67.58,67.76,0
2007-02-22,67.16,67.35,67.13,67.32,0
2007-02-23,67.31,67.43,67.14,67.28,0
2007-02-26,67.24,67.35,67.05,67.08,0
2007-02-27,66.91,67.07,65.71,66.07,0
2007-02-28,65.38,65.38,64.46,64.7,1
2007-03-01,65.28,66.02,64.85,65.76,0
2007-03-02,65.79,66.08,65.42,65.45,0
2007-03-05,64.94,65.15,64.46,64.51,1
2007-03-06,65.05,65.11,64.38,65.0,0
2007-03-07,64.81,65.07,64.6,64.95,1
2007-03-08,65.71,65.84,65.25,65.43,1
2007-03-09,65.55,66.09,65.53,65.82,1
2007-03-12,66.07,66.68,66.06,66.51,0
2007-03-13,66.21,66.22,65.28,65.32,0
2007-03-14,64.51,64.74,64.11,64.57,1
2007-03-15,65.32,65.51,65.24,65.29,1
2007-03-16,64.54,65.5,64.54,65.3,1
2007-03-19,66.3,66.76,66.3,66.48,0
2007-03-20,65.67,65.98,65.51,65.95,1
2007-03-21,66.16,66.49,65.81,66.42,0
2007-03-22,66.14,66.23,66.0,66.09,1
2007-03-23,66.49,66.59,65.97,66.52,1
2007-03-26,66.91,66.91,66.26,66.62,0
2007-03-27,66.37,66.62,66.33,66.5,1
2007-03-28,66.52,66.66,66.21,66.5,0
2007-03-29,66.71,66.72,66.22,66.39,1
2007-03-30,66.44,66.69,66.25,66.52,0
2007-04-02,66.01,66.69,66.0,66.44,1
2007-04-03,66.49,66.76,66.44,66.69,1
2007-04-04,66.73,67.08,66.73,66.87,1
2007-04-05,66.68,67.12,66.59,67.1,1
2007-04-09,67.25,67.78,67.14,67.67,0
2007-04-10,67.49,67.61,67.33,67.52,1
2007-04-11,67.54,67.88,67.49,67.64,1
2007-04-12,67.65,68.05,67.39,67.76,1
2007-04-13,68.21,68.77,67.95,68.55,1
2007-04-16,68.91,69.25,68.72,69.25,1
2007-04-17,68.87,69.72,68.87,69.62,1
2007-04-18,70.21,70.39,70.09,70.33,0
2007-04-19,69.61,69.61,69.08,69.44,0
2007-04-20,70.1,70.15,68.57,69.1,0
2007-04-23,68.23,68.54,68.1,68.42,1
2007-04-24,69.18,69.35,68.93,69.2,1
2007-04-25,69.41,69.59,69.1,69.34,1
2007-04-26,69.43,69.92,69.39,69.78,0
2007-04-27,69.46,69.7,69.39,69.58,0
2007-04-30,69.62,69.66,69.16,69.17,1
2007-05-01,68.99,69.76,68.99,69.71,1
2007-05-02,70.58,71.15,70.52,71.12,0
2007-05-03,70.39,70.41,70.07,70.32,1
2007-05-04,70.36,70.39,70.03,70.32,0
2007-05-07,70.28,70.34,69.89,69.95,0
2007-05-08,69.96,70.27,69.84,69.85,1
2007-05-09,69.82,70.25,69.71,70.17,1
2007-05-10,70.17,70.49,70.11,70.39,1
2007-05-11,70.24,70.99,70.07,70.9,1
2007-05-14,71.51,71.7,71.41,71.53,0
2007-05-15,70.98,71.85,70.88,71.38,1
2007-05-16,71.76,72.39,71.34,72.3,0
2007-05-17,71.64,72.16,71.57,72.16,1
2007-05-18,72.29,72.29,71.82,72.22,0
2007-05-21,72.13,72.13,71.87,72.08,1
2007-05-22,72.05,72.4,71.91,72.34,0
2007-05-23,72.54,72.66,71.76,71.93,0
2007-05-24,71.77,71.99,70.95,71.12,0
2007-05-25,71.11,71.39,70.95,71.08,0
2007-05-29,71.07,71.07,70.46,70.83,0
2007-05-30,70.47,70.54,69.97,70.32,1
2007-05-31,70.89,71.03,70.61,70.81,1
2007-06-01,70.82,71.35,70.82,71.13,1
2007-06-04,71.43,71.64,71.04,71.55,0
2007-06-05,71.25,71.33,70.73,71.05,0
2007-06-06,70.83,70.85,70.53,70.66,0
2007-06-07,70.92,71.54,70.55,70.55,1
2007-06-08,71.14,71.52,70.81,71.47,1
2007-06-11,71.86,71.98,71.48,71.69,0
2007-06-12,71.49,72.02,71.44,71.54,1
2007-06-13,71.53,72.17,71.41,72.15,1
2007-06-14,72.05,72.38,71.79,72.16,0
2007-06-15,72.33,72.42,72.05,72.08,0
2007-06-18,71.76,72.1,71.46,72.01,1
2007-06-19,72.15,72.64,72.1,72.33,0
2007-06-20,72.44,72.49,71.57,71.6,0
2007-06-21,71.4,71.44,70.87,71.21,0
2007-06-22,71.14,71.24,70.4,70.71,1
2007-06-25,70.43,71.41,70.11,70.98,1
2007-06-26,71.58,71.92,71.34,71.77,0
2007-06-27,71.8,71.89,71.52,71.64,0
2007-06-28,71.45,71.53,71.0,71.05,0
2007-06-29,71.34,71.45,70.75,70.98,1
2007-07-02,70.94,71.11,70.65,71.09,1
2007-07-03,71.51,72.0,71.43,71.48,0
2007-07-05,71.45,71.82,71.21,71.3,1
2007-07-06,71.43,71.64,71.16,71.5,0
2007-07-09,71.58,71.59,71.09,71.35,0
2007-07-10,71.06,71.24,70.57,70.64,0
2007-07-11,70.1,70.61,70.1,70.48,1
2007-07-12,71.17,71.69,70.78,71.68,1
2007-07-13,71.74,72.34,71.48,71.88,1
2007-07-16,72.54,72.54,71.96,72.17,0
2007-07-17,71.96,72.26,71.94,72.07,1
2007-07-18,72.23,72.7,71.99,72.2,1
2007-07-19,72.48,72.52,72.07,72.47,0
2007-07-20,72.52,72.9,71.91,72.02,0
2007-07-23,72.0,72.17,71.41,71.88,0
2007-07-24,71.71,72.55,71.55,71.59,0
2007-07-25,71.54,71.84,70.9,71.03,0
2007-07-26,70.87,71.18,69.48,69.98,0
2007-07-27,69.76,70.02,69.19,69.42,0
2007-07-30,69.16,69.25,68.57,68.84,0
2007-07-31,69.17,69.52,68.71,68.72,0
2007-08-01,68.11,68.64,67.97,68.57,1
2007-08-02,68.89,69.83,68.89,69.6,0
2007-08-03,69.66,69.95,69.21,69.26,1
2007-08-06,68.6,69.58,68.59,69.53,1
2007-08-07,69.65,70.66,69.65,70.22,1
2007-08-08,70.75,71.71,69.62,71.16,0
2007-08-09,70.02,71.87,69.63,70.35,0
2007-08-10,70.13,70.35,69.3,69.94,0
2007-08-13,69.95,70.18,69.1,69.18,0
2007-08-14,69.28,69.36,68.32,68.8,0
2007-08-15,68.55,68.98,68.0,68.05,1
2007-08-16,67.93,69.1,67.76,68.88,0
2007-08-17,69.77,69.8,68.34,68.53,0
2007-08-20,67.24,68.01,67.18,67.67,1
2007-08-21,69.25,69.5,68.89,69.21,1
2007-08-22,69.28,69.92,69.23,69.85,1
2007-08-23,70.15,70.43,70.02,70.29,1
2007-08-24,70.3,70.75,70.1,70.48,0
2007-08-27,70.58,71.01,70.1,70.16,0
2007-08-28,70.05,70.05,69.2,69.31,0
2007-08-29,68.6,69.08,68.19,68.99,1
2007-08-30,69.43,69.78,69.32,69.48,1
2007-08-31,69.83,70.03,69.7,69.8,1
2007-09-04,69.69,70.2,69.64,70.1,1
2007-09-05,70.33,70.82,70.03,70.23,0
2007-09-06,69.76,70.28,69.46,70.2,0
2007-09-07,70.01,70.07,69.62,69.81,1
2007-09-10,69.76,70.64,69.76,70.27,1
2007-09-11,71.18,72.38,71.12,71.77,1
2007-09-12,72.37,72.42,71.81,71.84,1
2007-09-13,72.47,74.03,72.45,73.73,1
2007-09-14,73.45,74.7,72.83,74.66,1
2007-09-17,75.64,75.75,74.73,75.12,0
2007-09-18,74.26,74.43,73.98,74.3,1
2007-09-19,74.21,74.9,74.13,74.65,0
2007-09-20,74.6,74.78,74.13,74.19,0
2007-09-21,74.66,74.66,74.05,74.13,0
2007-09-24,73.7,74.11,73.57,73.76,0
2007-09-25,74.13,74.21,73.42,73.63,0
2007-09-26,73.24,73.69,73.13,73.59,1
2007-09-27,74.16,74.25,73.56,73.95,0
2007-09-28,73.86,74.21,73.59,73.87,1
2007-10-01,74.1,75.25,74.04,75.08,0
2007-10-02,75.35,75.41,74.82,75.03,0
2007-10-03,74.75,74.98,74.43,74.88,1
2007-10-04,75.24,75.37,74.95,75.1,1
2007-10-05,75.12,75.5,75.01,75.35,1
2007-10-08,75.36,76.02,75.29,75.95,1
2007-10-09,75.87,76.21,75.62,76.15,1
2007-10-10,76.28,76.56,75.59,76.17,0
2007-10-11,76.08,76.17,75.02,75.26,1
2007-10-12,75.69,76.09,75.17,75.83,0
2007-10-15,76.22,76.27,75.16,75.36,1
2007-10-16,75.23,75.85,75.07,75.67,1
2007-10-17,76.52,76.57,75.92,76.31,0
2007-10-18,75.75,75.92,75.58,75.67,0
2007-10-19,75.34,75.9,75.31,75.39,0
2007-10-22,75.14,75.32,74.82,75.14,1
2007-10-23,75.22,75.82,74.83,75.82,1
2007-10-24,76.4,76.69,75.9,76.61,1
2007-10-25,75.97,76.85,75.81,76.69,1
2007-10-26,76.75,77.08,76.33,77.01,1
2007-10-29,77.21,78.07,77.21,77.8,0
2007-10-30,77.28,77.81,77.11,77.55,1
2007-10-31,77.86,78.34,77.54,78.26,0
2007-11-01,77.68,77.96,77.29,77.41,1
2007-11-02,77.56,77.75,77.01,77.42,1
2007-11-05,77.28,77.98,77.09,77.8,1
2007-11-06,77.97,78.13,77.72,77.99,0
2007-11-07,77.87,78.1,76.85,76.95,1
2007-11-08,77.53,77.83,77.22,77.65,0
2007-11-09,77.41,77.62,76.71,76.87,0
2007-11-12,77.03,77.03,76.45,76.48,0
2007-11-13,76.99,76.99,75.65,75.9,0
2007-11-14,75.07,75.18,74.31,74.4,1
2007-11-15,75.51,76.06,75.24,75.97,1
2007-11-16,76.25,76.91,76.25,76.74,1
2007-11-19,76.98,77.82,76.98,77.55,0
2007-11-20,77.1,77.26,76.55,77.01,0
2007-11-21,76.61,76.84,76.0,76.0,1
2007-11-23,76.47,76.61,76.06,76.39,0
2007-11-26,76.43,76.43,75.58,75.64,1
2007-11-27,75.81,76.42,75.73,76.17,1
2007-11-28,76.71,77.18,76.57,77.0,0
2007-11-29,76.38,76.95,76.3,76.91,1
2007-11-30,77.42,77.88,76.79,77.0,1
2007-12-03,76.53,78.02,76.26,77.61,1
2007-12-04,77.88,78.57,77.77,78.22,0
2007-12-05,78.13,78.46,77.84,78.19,1
2007-12-06,78.04,78.49,77.47,78.41,0
2007-12-07,78.54,78.79,78.15,78.32,1
2007-12-10,78.72,79.61,78.49,79.42,1
2007-12-11,79.66,80.94,79.58,80.66,0
2007-12-12,81.85,81.92,79.9,80.33,0
2007-12-13,79.29,79.89,79.0,79.32,0
2007-12-14,79.13,79.75,79.05,79.09,0
2007-12-17,78.93,78.93,77.92,77.96,1
2007-12-18,78.41,78.55,77.81,78.04,0
2007-12-19,77.78,77.89,76.84,76.91,1
2007-12-20,77.51,77.51,76.79,77.22,1
2007-12-21,77.55,78.37,77.4,78.2,1
2007-12-24,79.04,79.3,78.92,79.16,0
2007-12-26,78.2,78.58,78.04,78.1,0
2007-12-27,77.9,78.12,77.53,77.55,1
2007-12-28,77.99,78.02,77.53,77.79,0
2007-12-31,77.78,77.95,77.09,77.15,0
2008-01-02,77.76,77.76,76.52,76.68,0
2008-01-03,76.93,77.24,76.41,76.56,0
2008-01-04,76.1,76.21,75.4,75.88,1
2008-01-07,75.92,76.61,75.53,76.44,0
2008-01-08,76.98,77.14,75.83,75.92,0
2008-01-09,74.7,75.07,73.95,75.02,1
2008-01-10,76.39,77.01,75.82,76.77,0
2008-01-11,75.78,75.78,72.99,73.77,0
2008-01-14,72.16,72.48,71.24,72.21,1
2008-01-15,73.81,74.44,73.07,73.32,0
2008-01-16,72.49,72.82,71.57,71.71,1
2008-01-17,72.44,72.72,71.85,71.9,1
2008-01-18,72.3,72.95,72.15,72.26,1
2008-01-22,69.86,72.39,69.86,72.26,1
2008-01-23,73.71,74.81,73.13,74.78,0
2008-01-24,73.36,73.67,72.73,73.52,1
2008-01-25,73.87,74.1,73.51,73.59,0
2008-01-28,70.96,71.22,69.61,70.94,1
2008-01-29,71.5,71.5,70.44,70.97,0
2008-01-30,70.53,71.26,70.5,70.66,1
2008-01-31,70.58,73.18,70.48,73.18,1
2008-02-01,73.29,73.84,72.65,73.72,1
2008-02-04,74.12,74.17,73.4,73.85,0
2008-02-05,73.02,73.9,72.63,73.38,1
2008-02-06,73.97,73.97,73.46,73.61,1
2008-02-07,73.01,74.18,72.96,73.86,1
2008-02-08,74.21,75.39,74.14,74.79,1
2008-02-11,75.46,75.93,75.04,75.65,0
2008-02-12,75.35,75.72,75.01,75.37,1
2008-02-13,75.92,75.92,74.96,75.58,0
2008-02-14,75.66,75.66,74.67,74.73,0
2008-02-15,74.51,74.61,74.12,74.48,1
2008-02-19,74.89,75.02,74.64,74.77,1
2008-02-20,74.38,75.26,74.18,75.1,0
2008-02-21,75.3,75.35,74.39,74.48,1
2008-02-22,74.53,74.8,73.79,74.8,1
2008-02-25,75.04,75.47,74.66,75.38,1
2008-02-26,74.83,75.72,74.83,75.43,0
2008-02-27,75.86,76.47,74.98,75.16,0
2008-02-28,74.28,74.35,73.73,73.98,0
2008-02-29,73.73,74.09,73.45,73.58,0
2008-03-03,73.34,73.93,72.32,72.7,1
2008-03-04,72.62,73.19,72.4,73.19,1
2008-03-05,74.01,74.28,73.57,74.1,0
2008-03-06,73.23,73.67,72.73,72.76,0
2008-03-07,72.37,72.55,71.94,72.15,1
2008-03-10,73.78,73.85,72.44,73.12,1
2008-03-11,74.11,74.11,73.05,73.68,0
2008-03-12,73.48,73.6,72.8,72.88,1
2008-03-13,73.02,74.36,73.02,74.18,0
2008-03-14,74.47,74.47,73.36,74.16,0
2008-03-17,72.69,73.8,72.41,73.4,1
2008-03-18,74.18,74.67,73.52,74.18,0
2008-03-19,74.29,74.67,73.19,73.24,1
2008-03-20,73.45,74.08,73.25,73.82,1
2008-03-24,73.97,75.08,73.83,74.9,1
2008-03-25,74.82,75.47,74.57,75.23,0
2008-03-26,75.35,75.72,74.86,75.17,0
2008-03-27,74.93,75.23,74.61,74.63,1
2008-03-28,74.82,75.02,74.47,74.66,1
2008-03-31,74.56,74.9,74.56,74.72,1
2008-04-01,75.1,75.89,75.07,75.78,1
2008-04-02,76.5,76.65,75.97,76.19,0
2008-04-03,75.4,75.72,74.88,75.24,0
2008-04-04,75.23,75.32,74.59,74.84,0
2008-04-07,74.72,74.89,74.28,74.43,1
2008-04-08,74.61,75.08,74.59,74.96,1
2008-04-09,75.25,75.49,74.94,75.21,0
2008-04-10,74.75,75.23,74.75,74.95,0
2008-04-11,74.62,74.96,74.4,74.61,1
2008-04-14,74.66,74.91,74.46,74.7,1
2008-04-15,74.9,75.18,74.81,75.04,1
2008-04-16,75.42,76.12,74.95,76.1,1
2008-04-17,75.96,76.21,75.77,76.13,1
2008-04-18,76.28,76.99,76.28,76.86,1
2008-04-21,77.74,77.81,77.32,77.8,0
2008-04-22,76.58,77.23,76.18,76.9,1
2008-04-23,77.24,78.05,77.0,77.46,1
2008-04-24,77.14,78.1,76.86,77.87,1
2008-04-25,78.0,78.18,77.61,77.93,0
2008-04-28,77.92,78.11,77.49,77.8,1
2008-04-29,77.52,78.57,77.52,78.34,1
2008-04-30,79.06,79.52,78.7,78.73,1
2008-05-01,77.82,78.9,77.67,78.89,1
2008-05-02,78.9,79.16,78.82,78.94,0
2008-05-05,78.97,79.0,78.46,78.9,0
2008-05-06,78.66,78.73,78.26,78.57,0
2008-05-07,78.42,78.64,77.52,77.62,1
2008-05-08,77.97,78.03,77.24,78.0,0
2008-05-09,77.45,77.86,77.45,77.59,1
2008-05-12,77.77,79.13,77.77,79.0,1
2008-05-13,78.9,79.57,78.79,79.11,0
2008-05-14,79.43,79.55,78.59,78.72,1
2008-05-15,78.48,78.85,77.9,78.84,0
2008-05-16,78.87,78.93,78.4,78.6,0
2008-05-19,78.48,78.57,78.2,78.24,0
2008-05-20,78.4,78.53,77.51,77.93,0
2008-05-21,77.51,77.66,76.45,76.74,1
2008-05-22,77.19,77.59,76.94,77.02,0
2008-05-23,76.91,76.91,76.09,76.42,0
2008-05-27,76.03,76.49,75.78,76.22,1
2008-05-28,77.08,77.61,77.06,77.33,1
2008-05-29,77.18,78.07,77.12,77.79,0
2008-05-30,77.86,77.94,77.28,77.69,0
2008-06-02,77.35,77.4,76.53,76.9,0
2008-06-03,77.16,77.32,75.99,76.27,0
2008-06-04,75.39,76.32,75.39,75.82,1
2008-06-05,76.6,77.02,76.45,76.67,0
2008-06-06,76.39,76.49,75.72,75.81,1
2008-06-09,76.35,77.28,76.06,77.09,1
2008-06-10,77.43,78.52,77.43,78.02,0
2008-06-11,78.67,78.67,77.79,77.87,0
2008-06-12,77.37,78.05,77.32,77.65,1
2008-06-13,77.88,78.45,77.72,78.15,1
2008-06-16,78.01,78.68,77.97,78.4,0
2008-06-17,78.4,78.45,77.46,77.57,0
2008-06-18,76.52,76.88,75.82,75.95,1
2008-06-19,76.67,77.37,76.51,77.07,0
2008-06-20,76.85,77.04,76.14,76.18,0
2008-06-23,75.82,76.05,75.19,75.24,1
2008-06-24,76.26,76.46,75.11,75.85,1
2008-06-25,75.7,76.52,75.26,76.26,0
2008-06-26,76.25,76.73,75.41,75.44,1
2008-06-27,75.54,75.97,74.4,75.44,0
2008-06-30,75.52,76.09,74.6,75.14,1
2008-07-01,74.96,76.11,74.82,76.06,1
2008-07-02,77.22,78.02,77.05,77.24,0
2008-07-03,76.32,76.53,75.27,76.0,1
2008-07-07,76.16,76.62,75.55,76.11,1
2008-07-08,76.39,77.14,76.1,77.03,1
2008-07-09,77.81,78.43,77.48,78.24,0
2008-07-10,77.54,77.66,76.76,76.99,0
2008-07-11,76.51,76.88,75.97,76.07,1
2008-07-14,76.17,76.63,75.86,76.31,1
2008-07-15,76.26,77.77,76.11,77.07,1
2008-07-16,77.77,79.19,77.52,79.05,0
2008-07-17,78.04,78.96,77.43,78.49,1
2008-07-18,78.52,78.98,78.13,78.54,0
2008-07-21,78.49,78.91,77.58,78.01,1
2008-07-22,77.78,78.64,77.78,78.26,1
2008-07-23,79.61,79.61,77.52,78.41,0
2008-07-24,77.15,77.57,76.6,76.89,1
2008-07-25,77.08,78.17,76.89,77.13,0
2008-07-28,77.21,77.51,76.43,76.5,1
2008-07-29,76.83,78.16,76.57,77.92,1
2008-07-30,79.17,79.74,79.05,79.48,0
2008-07-31,78.35,78.96,77.95,78.03,0
2008-08-01,78.04,78.57,77.74,77.99,1
2008-08-04,78.02,78.89,77.97,78.57,1
2008-08-05,78.82,80.09,78.74,80.02,1
2008-08-06,80.86,81.26,80.48,81.04,0
2008-08-07,79.68,80.58,79.22,79.65,1
2008-08-08,80.05,83.05,79.4,82.61,1
2008-08-11,84.43,85.96,84.22,85.14,0
2008-08-12,82.26,82.43,81.02,81.27,0
2008-08-13,80.21,80.27,78.6,79.25,1
2008-08-14,80.22,81.5,79.71,80.96,1
2008-08-15,81.42,81.6,80.72,81.03,0
2008-08-18,80.87,81.14,80.21,80.41,0
2008-08-19,80.52,80.54,79.94,80.1,0
2008-08-20,79.89,79.91,79.36,79.72,1
2008-08-21,79.68,80.4,79.66,79.98,1
2008-08-22,80.3,81.24,80.3,80.86,0
2008-08-25,81.23,81.23,80.21,80.35,0
2008-08-26,79.77,79.93,79.1,79.82,1
2008-08-27,80.25,80.25,79.3,79.85,1
2008-08-28,80.0,80.47,79.51,80.43,0
2008-08-29,80.36,80.5,79.62,79.77,1
2008-09-02,79.51,80.99,79.51,79.91,1
2008-09-03,81.07,81.09,79.57,79.97,0
2008-09-04,79.35,79.37,78.14,78.18,1
2008-09-05,77.98,78.51,77.8,78.37,1
2008-09-08,79.6,80.56,79.34,80.5,1
2008-09-09,80.56,81.85,80.55,80.71,1
2008-09-10,80.96,81.26,80.34,80.82,1
2008-09-11,80.18,81.8,79.94,81.74,0
2008-09-12,81.45,82.04,81.02,81.4,0
2008-09-15,81.04,81.93,80.54,81.04,1
2008-09-16,80.91,82.15,80.61,81.53,0
2008-09-17,81.87,82.61,80.72,80.82,1
2008-09-18,80.8,81.47,79.8,81.26,1
2008-09-19,81.83,82.46,81.0,81.29,0
2008-09-22,80.48,81.4,79.42,79.69,0
2008-09-23,80.23,81.69,79.2,79.57,0
2008-09-24,79.15,79.66,78.13,78.7,1
2008-09-25,79.57,80.28,79.57,79.95,1
2008-09-26,79.8,80.81,79.8,80.7,0
2008-09-29,81.41,81.72,78.89,79.13,1
2008-09-30,79.16,79.5,78.06,79.48,1
2008-10-01,79.43,81.65,79.18,81.37,0
2008-10-02,81.06,81.26,79.13,79.69,0
2008-10-03,80.41,80.46,78.17,78.33,0
2008-10-06,75.41,76.07,72.65,73.97,1
2008-10-07,77.34,77.34,72.5,74.24,0
2008-10-08,70.19,72.19,70.18,70.31,1
2008-10-09,74.29,74.85,72.01,72.01,1
2008-10-10,70.38,76.41,67.06,72.96,1
2008-10-13,77.28,79.08,76.84,78.79,0
2008-10-14,77.67,78.07,74.02,75.1,0
2008-10-15,71.68,72.54,68.82,69.0,1
2008-10-16,71.89,74.43,70.94,73.8,0
2008-10-17,73.17,75.22,72.47,73.41,1
2008-10-20,74.43,75.98,73.97,75.97,0
2008-10-21,75.45,76.64,74.17,74.46,0
2008-10-22,73.4,74.2,72.19,72.64,1
2008-10-23,74.57,75.29,72.37,74.72,0
2008-10-24,72.27,73.94,71.72,72.78,0
2008-10-27,73.57,74.22,72.14,72.23,1
2008-10-28,72.5,75.6,72.09,75.52,1
2008-10-29,78.28,80.87,77.8,78.72,0
2008-10-30,77.39,77.82,75.75,76.54,1
2008-10-31,76.5,76.82,75.38,76.54,0
2008-11-03,76.99,77.4,75.57,75.91,1
2008-11-04,76.44,76.81,75.37,76.45,0
2008-11-05,76.26,76.68,74.88,75.08,0
2008-11-06,74.67,75.73,73.07,73.64,1
2008-11-07,73.42,74.92,73.42,74.62,1
2008-11-10,77.08,77.83,76.11,76.56,0
2008-11-11,75.35,75.84,74.75,75.28,0
2008-11-12,74.53,75.18,73.23,73.44,1
2008-11-13,73.61,75.29,71.94,75.25,0
2008-11-14,74.62,76.93,74.07,75.24,1
2008-11-17,75.62,76.56,75.31,75.39,1
2008-11-18,74.29,76.02,74.12,75.45,1
2008-11-19,76.52,77.84,75.75,75.89,0
2008-11-20,74.07,75.3,72.4,72.65,1
2008-11-21,73.21,74.4,71.23,74.35,1
2008-11-24,75.77,76.52,75.35,75.75,0
2008-11-25,75.46,75.93,74.15,75.7,1
2008-11-26,75.02,76.88,74.74,76.76,1
2008-11-28,76.42,77.47,75.98,77.29,0
2008-12-01,77.52,78.04,75.9,76.04,0
2008-12-02,75.7,76.39,74.59,75.84,1
2008-12-03,75.8,78.2,75.6,77.98,1
2008-12-04,77.66,79.87,77.29,78.91,1
2008-12-05,78.32,80.48,77.11,80.37,1
2008-12-08,82.56,83.06,80.26,80.66,0
2008-12-09,78.59,78.86,77.35,77.86,1
2008-12-10,77.62,78.95,77.26,78.74,1
2008-12-11,79.06,80.12,78.69,78.88,0
2008-12-12,77.88,79.1,77.81,78.64,1
2008-12-15,79.51,79.93,78.97,79.51,1
2008-12-16,79.08,80.53,78.9,80.46,1
2008-12-17,81.47,82.23,81.13,81.48,0
2008-12-18,80.54,80.54,78.89,79.19,0
2008-12-19,79.52,79.83,78.26,78.38,0
2008-12-22,77.42,78.27,77.23,78.27,1
2008-12-23,79.43,79.89,78.59,78.7,0
2008-12-24,78.43,78.76,78.05,78.46,1
2008-12-26,79.36,79.41,78.83,79.01,0
2008-12-29,78.6,78.89,77.66,78.12,1
2008-12-30,78.85,79.54,78.49,79.53,1
2008-12-31,80.06,80.65,79.82,80.49,1
2009-01-02,80.06,81.43,79.92,81.13,1
2009-01-05,81.93,82.38,81.64,82.16,0
2009-01-06,81.3,81.67,79.62,79.86,0
2009-01-07,78.14,78.63,77.28,77.6,1
2009-01-08,78.81,78.81,77.93,78.57,0
2009-01-09,78.74,78.93,78.07,78.24,0
2009-01-12,77.8,78.68,77.52,77.84,0
2009-01-13,78.43,78.81,77.27,77.66,0
2009-01-14,76.26,76.35,74.63,75.34,1
2009-01-15,76.0,77.08,75.49,76.6,1
2009-01-16,77.21,78.18,77.05,77.93,0
2009-01-20,78.64,78.81,76.55,76.68,0
2009-01-21,74.52,75.27,73.88,75.08,1
2009-01-22,76.71,77.8,76.41,77.21,0
2009-01-23,76.04,77.19,75.65,76.64,1
2009-01-26,76.7,77.83,76.1,77.62,0
2009-01-27,77.26,77.59,76.87,77.04,1
2009-01-28,77.73,77.73,76.65,77.34,0
2009-01-29,77.22,77.44,76.62,76.72,0
2009-01-30,77.0,77.18,76.12,76.63,0
2009-02-02,75.96,76.6,75.83,76.18,1
2009-02-03,76.86,77.53,76.0,77.32,0
2009-02-04,77.97,78.43,76.66,76.94,0
2009-02-05,76.21,77.05,75.87,76.88,1
2009-02-06,76.75,77.69,76.75,77.01,1
2009-02-09,77.71,78.02,76.94,77.7,0
2009-02-10,77.41,77.42,75.75,76.07,0
2009-02-11,74.96,75.24,74.29,74.64,1
2009-02-12,75.67,75.88,74.77,75.81,0
2009-02-13,75.9,76.31,75.61,75.7,0
2009-02-17,74.82,75.21,74.32,74.64,1
2009-02-18,74.91,75.35,74.56,75.23,0
2009-02-19,75.01,75.94,74.54,74.54,0
2009-02-20,74.18,74.45,73.53,73.93,0
2009-02-23,73.84,74.34,73.02,73.16,1
2009-02-24,73.65,74.21,73.42,74.07,1
2009-02-25,74.24,74.82,73.86,74.15,0
2009-02-26,73.91,74.04,71.99,72.1,0
2009-02-27,71.54,72.6,71.49,72.07,1
2009-03-02,72.3,72.95,71.9,72.34,0
2009-03-03,72.06,73.17,72.06,72.28,1
2009-03-04,73.02,73.49,72.39,73.06,0
2009-03-05,72.23,72.34,70.73,71.06,1
2009-03-06,71.32,72.06,71.05,72.0,1
2009-03-09,72.35,73.73,72.05,72.84,0
2009-03-10,72.6,73.12,72.01,72.42,0
2009-03-11,72.17,72.5,70.75,71.01,1
2009-03-12,71.46,72.27,70.77,72.07,1
2009-03-13,72.48,72.72,71.86,72.26,0
2009-03-16,72.2,72.42,71.34,71.45,1
2009-03-17,71.7,73.26,71.44,73.22,1
2009-03-18,74.75,76.39,74.73,76.29,0
2009-03-19,74.8,75.0,73.8,74.12,0
2009-03-20,73.85,74.43,72.65,72.85,1
2009-03-23,72.53,73.47,71.85,73.46,0
2009-03-24,74.32,74.32,73.06,73.2,0
2009-03-25,72.35,73.12,71.72,73.09,1
2009-03-26,74.69,75.16,74.14,75.14,0
2009-03-27,74.66,75.0,74.18,74.31,0
2009-03-30,73.2,73.34,72.45,73.14,1
2009-03-31,73.74,74.56,73.72,73.95,1
2009-04-01,73.98,74.78,73.64,74.71,1
2009-04-02,75.03,75.91,74.79,75.35,1
2009-04-03,75.24,75.58,74.74,75.58,0
2009-04-06,75.73,75.84,75.05,75.32,0
2009-04-07,74.77,74.87,73.96,74.58,0
2009-04-08,74.47,74.76,74.15,74.55,1
2009-04-09,75.3,76.06,75.2,75.59,0
2009-04-13,75.35,75.6,75.0,75.17,0
2009-04-14,74.91,74.99,73.91,74.14,0
2009-04-15,72.72,72.82,71.92,72.64,1
2009-04-16,73.62,74.17,73.35,74.05,1
2009-04-17,74.36,75.39,74.13,75.14,1
2009-04-20,75.49,75.71,75.2,75.35,0
2009-04-21,74.71,75.18,74.24,74.77,0
2009-04-22,74.95,75.52,73.72,73.76,1
2009-04-23,74.04,74.62,73.46,74.46,0
2009-04-24,74.43,74.65,73.56,73.76,0
2009-04-27,72.67,73.44,72.57,73.13,1
2009-04-28,73.57,74.57,73.53,73.94,1
2009-04-29,74.75,74.82,74.06,74.22,0
2009-04-30,74.05,74.46,72.8,72.94,0
2009-05-01,72.85,72.85,71.72,72.22,0
2009-05-04,71.98,72.82,71.68,71.89,1
2009-05-05,72.72,73.23,72.7,72.85,1
2009-05-06,73.26,74.08,73.14,73.37,0
2009-05-07,73.53,73.8,72.69,73.04,1
2009-05-08,74.35,74.62,73.89,74.21,0
2009-05-11,73.99,73.99,73.38,73.66,0
2009-05-12,74.08,74.13,72.92,73.48,0
2009-05-13,72.57,72.89,72.28,72.55,1
2009-05-14,73.01,73.6,72.91,73.17,0
2009-05-15,73.1,73.94,72.77,73.09,1
2009-05-18,73.12,73.71,72.75,73.65,0
2009-05-19,73.79,73.88,73.3,73.42,1
2009-05-20,74.02,75.44,73.89,74.85,0
2009-05-21,74.83,75.27,74.47,74.84,1
2009-05-22,75.01,76.39,74.83,75.91,1
2009-05-26,76.63,78.15,76.48,78.09,0
2009-05-27,78.42,78.63,77.71,77.74,0
2009-05-28,76.54,77.09,76.16,76.72,1
2009-05-29,76.85,77.43,76.39,77.4,1
2009-06-01,78.03,78.66,77.83,78.55,0
2009-06-02,77.85,78.79,77.78,78.49,1
2009-06-03,78.65,79.55,78.57,79.54,0
2009-06-04,78.7,78.7,78.04,78.38,0
2009-06-05,78.5,78.57,77.68,78.08,0
2009-06-08,76.7,77.17,76.06,76.81,1
2009-06-09,77.43,77.84,77.22,77.47,0
2009-06-10,77.92,77.94,76.57,76.95,0
2009-06-11,76.86,77.16,76.32,76.35,1
2009-06-12,76.41,77.0,76.23,76.91,1
2009-06-15,77.27,77.31,76.6,77.02,0
2009-06-16,76.55,76.55,75.7,75.89,0
2009-06-17,75.3,76.01,75.3,75.43,1
2009-06-18,76.28,77.27,76.01,76.75,1
2009-06-19,76.95,77.28,76.63,76.76,0
2009-06-22,76.27,76.44,75.75,75.81,0
2009-06-23,76.26,76.32,75.56,75.66,0
2009-06-24,75.33,75.35,74.52,74.73,1
2009-06-25,75.22,76.38,75.17,76.2,0
2009-06-26,76.2,76.21,75.7,75.9,0
2009-06-29,75.67,75.79,75.21,75.7,1
2009-06-30,76.08,76.74,76.01,76.23,1
2009-07-01,76.49,77.19,76.49,76.93,0
2009-07-02,76.4,76.51,76.06,76.22,1
2009-07-06,75.9,76.81,75.68,76.61,0
2009-07-07,76.64,76.64,75.67,75.71,0
2009-07-08,75.09,75.16,74.57,75.04,1
2009-07-09,76.04,76.07,75.29,75.67,1
2009-07-10,75.49,76.39,75.49,75.87,1
2009-07-13,76.26,76.62,75.86,76.42,0
2009-07-14,76.04,76.26,75.74,76.21,0
2009-07-15,76.4,76.41,75.8,76.09,0
2009-07-16,75.99,76.1,75.78,76.01,1
2009-07-17,76.11,76.67,76.05,76.5,1
2009-07-20,77.13,77.35,76.94,77.18,0
2009-07-21,77.03,77.15,76.56,77.12,1
2009-07-22,77.14,77.96,77.1,77.36,0
2009-07-23,75.84,76.0,74.77,75.14,0
2009-07-24,75.35,75.41,74.85,75.11,0
2009-07-27,74.99,75.06,74.58,74.79,1
2009-07-28,74.98,75.61,74.9,75.43,1
2009-07-29,75.7,76.26,75.67,75.83,0
2009-07-30,75.55,75.61,74.72,74.75,0
2009-07-31,74.64,74.87,74.19,74.3,0
2009-08-03,74.07,74.29,73.73,74.08,1
2009-08-04,74.54,74.67,74.22,74.3,0
2009-08-05,74.13,74.21,73.87,74.09,1
2009-08-06,74.44,74.48,74.03,74.16,1
2009-08-07,74.35,74.6,74.12,74.44,1
2009-08-10,75.0,75.53,74.96,75.36,0
2009-08-11,75.13,75.37,74.96,75.09,1
2009-08-12,74.97,75.53,74.85,75.24,0
2009-08-13,75.43,75.58,74.73,74.9,0
2009-08-14,74.82,74.91,74.15,74.5,0
2009-08-17,73.77,74.14,73.56,73.56,1
2009-08-18,73.95,74.49,73.84,74.49,1
2009-08-19,74.98,75.59,74.9,75.33,0
2009-08-20,74.88,75.26,74.8,75.18,1
2009-08-21,75.47,75.56,75.12,75.29,0
2009-08-24,75.21,75.21,74.68,74.84,1
2009-08-25,75.2,75.65,75.18,75.41,1
2009-08-26,75.63,76.21,75.5,76.04,0
2009-08-27,75.89,75.99,75.53,75.97,0
2009-08-28,75.86,75.89,74.88,75.12,0
2009-08-31,74.22,74.61,74.15,74.61,1
2009-09-01,75.11,75.39,74.65,74.79,0
2009-09-02,74.43,74.48,73.69,74.22,1
2009-09-03,74.71,74.75,74.33,74.73,1
2009-09-04,74.76,75.25,74.6,75.18,1
2009-09-08,75.84,76.01,75.52,75.7,0
2009-09-09,74.24,74.55,73.91,74.22,0
2009-09-10,74.48,74.59,74.09,74.17,0
2009-09-11,74.37,74.38,73.68,73.81,0
2009-09-14,72.94,73.13,72.77,73.05,1
2009-09-15,73.97,74.52,73.64,74.28,1
2009-09-16,74.86,75.91,74.63,75.78,0
2009-09-17,75.42,75.67,75.14,75.46,1
2009-09-18,75.54,75.85,75.3,75.85,0
2009-09-21,75.79,75.95,75.23,75.47,0
2009-09-22,75.45,75.45,74.73,74.91,0
2009-09-23,74.4,74.71,74.11,74.14,1
2009-09-24,74.81,75.37,74.71,75.16,1
2009-09-25,75.45,76.22,75.41,75.82,1
2009-09-28,76.38,76.71,76.25,76.32,0
2009-09-29,75.99,76.36,75.88,75.98,0
2009-09-30,75.81,76.1,75.23,75.89,0
2009-10-01,75.84,75.96,75.43,75.65,0
2009-10-02,75.27,75.98,75.13,75.62,1
2009-10-05,76.07,76.14,75.59,75.84,1
2009-10-06,75.63,76.35,75.63,76.19,1
2009-10-07,76.58,76.84,76.18,76.51,0
2009-10-08,76.21,76.33,75.7,75.74,0
2009-10-09,75.47,75.65,75.08,75.6,1
2009-10-12,75.93,76.41,75.65,75.74,1
2009-10-13,75.61,76.07,75.59,75.88,1
2009-10-14,76.39,76.8,76.38,76.47,1
2009-10-15,76.06,76.82,76.06,76.78,1
2009-10-16,76.7,77.6,76.68,77.25,1
2009-10-19,77.87,78.24,77.75,78.11,0
2009-10-20,77.88,77.92,77.12,77.35,0
2009-10-21,76.74,76.99,76.12,76.38,1
2009-10-22,78.07,78.64,77.46,77.78,0
2009-10-23,77.79,77.88,77.42,77.74,0
2009-10-26,77.75,78.1,77.44,77.51,0
2009-10-27,77.57,77.62,76.96,77.41,0
2009-10-28,76.96,77.48,76.92,76.95,1
2009-10-29,77.39,77.58,77.09,77.52,0
2009-10-30,77.48,77.8,77.07,77.1,1
2009-11-02,76.94,77.48,76.75,77.19,1
2009-11-03,77.27,77.83,77.27,77.59,1
2009-11-04,78.08,79.13,77.84,78.69,1
2009-11-05,78.57,79.38,78.44,79.36,1
2009-11-06,79.02,79.9,79.01,79.54,1
2009-11-09,80.51,80.98,80.4,80.8,0
2009-11-10,80.14,80.35,79.74,79.97,1
2009-11-11,80.11,80.43,79.93,80.22,0
2009-11-12,80.31,80.38,79.74,79.88,1
2009-11-13,79.91,81.13,79.86,80.96,1
2009-11-16,82.39,83.04,82.23,82.87,0
2009-11-17,81.59,81.7,80.9,80.99,0
2009-11-18,80.35,80.64,80.05,80.64,1
2009-11-19,81.27,81.27,80.57,80.85,1
2009-11-20,80.79,81.44,80.71,81.27,1
2009-11-23,81.98,81.98,81.49,81.73,0
2009-11-24,81.31,81.53,80.74,81.48,1
2009-11-25,81.78,81.93,81.67,81.81,0
2009-11-27,80.51,81.2,80.51,81.0,1
2009-11-30,81.6,81.6,81.03,81.21,0
2009-12-01,81.02,81.34,80.92,80.94,0
2009-12-02,80.84,81.11,80.05,80.06,0
2009-12-03,80.21,80.38,79.68,79.69,0
2009-12-04,80.09,80.28,79.06,79.41,0
2009-12-07,78.83,79.3,78.54,79.04,0
2009-12-08,78.54,78.89,78.22,78.66,1
2009-12-09,78.9,79.13,78.59,78.8,1
2009-12-10,78.95,79.24,78.72,79.0,1
2009-12-11,79.26,79.68,79.12,79.48,1
2009-12-14,80.18,80.3,79.84,80.09,0
2009-12-15,79.93,80.08,79.66,79.74,1
2009-12-16,79.82,80.15,79.52,79.9,0
2009-12-17,79.94,80.12,79.69,79.69,1
2009-12-18,79.74,80.08,79.72,79.88,1
2009-12-21,80.07,80.72,79.99,80.4,1
2009-12-22,80.28,80.6,80.27,80.51,1
2009-12-23,80.75,81.31,80.44,81.06,0
2009-12-24,80.8,81.08,80.73,80.86,1
2009-12-28,80.86,81.08,80.65,81.01,0
2009-12-29,81.06,81.25,80.97,80.99,0
2009-12-30,80.8,80.95,80.3,80.36,0
2009-12-31,80.5,80.58,80.04,80.08,1
2010-01-04,80.23,80.58,79.98,80.35,0
2010-01-05,80.27,80.34,79.9,79.99,0
2010-01-06,79.6,79.77,78.71,79.02,1
2010-01-07,79.15,80.0,79.04,79.65,0
2010-01-08,79.97,80.08,79.45,79.63,1
2010-01-11,79.42,79.74,79.29,79.65,1
2010-01-12,79.77,80.26,79.75,80.26,1
2010-01-13,80.92,81.26,80.69,80.71,0
2010-01-14,80.18,80.31,79.81,80.25,0
2010-01-15,80.27,80.51,79.79,79.97,1
2010-01-19,80.13,80.85,80.03,80.58,1
2010-01-20,81.39,81.48,80.82,81.02,0
2010-01-21,80.5,80.99,80.37,80.68,1
2010-01-22,80.71,81.92,80.38,80.83,0
2010-01-25,80.91,81.12,80.58,80.72,1
2010-01-26,80.33,81.3,80.33,81.16,1
2010-01-27,81.94,82.2,81.65,81.99,0
2010-01-28,81.19,81.21,80.33,80.39,0
2010-01-29,80.35,80.66,80.01,80.04,1
2010-02-01,80.08,80.97,80.08,80.9,1
2010-02-02,81.22,81.36,80.81,81.34,1
2010-02-03,81.92,82.79,81.91,82.37,0
2010-02-04,82.25,82.32,81.34,81.37,0
2010-02-05,81.33,81.54,80.21,80.79,0
2010-02-08,80.35,80.6,79.91,79.91,1
2010-02-09,80.64,81.19,80.35,80.97,1
2010-02-10,81.28,81.51,80.84,81.06,1
2010-02-11,80.71,81.17,80.16,81.13,0
2010-02-12,80.7,81.23,80.68,80.99,1
2010-02-16,81.23,81.76,81.05,81.62,1
2010-02-17,81.88,81.99,81.54,81.92,0
2010-02-18,81.39,81.79,81.31,81.68,1
2010-02-19,81.67,82.0,81.54,81.89,1
2010-02-22,82.25,82.25,82.01,82.12,0
2010-02-23,81.92,82.13,81.85,81.99,1
2010-02-24,82.12,82.58,81.97,82.36,0
2010-02-25,81.54,81.81,81.12,81.61,0
2010-02-26,81.67,81.88,81.19,81.19,0
2010-03-01,80.81,80.94,80.57,80.81,1
2010-03-02,81.63,81.63,81.24,81.36,0
2010-03-03,81.22,81.29,80.59,80.73,1
2010-03-04,81.13,81.13,80.75,80.85,1
2010-03-05,81.09,81.12,80.72,81.05,1
2010-03-08,81.59,82.47,81.45,82.14,1
2010-03-09,82.1,82.49,81.98,82.18,0
2010-03-10,82.18,82.35,81.95,82.11,1
2010-03-11,81.93,82.25,81.83,82.25,1
2010-03-12,82.45,82.86,82.38,82.51,1
2010-03-15,82.69,83.07,82.68,82.87,1
2010-03-16,83.04,83.06,82.71,82.92,1
2010-03-17,82.93,83.09,82.65,83.05,1
2010-03-18,83.24,83.45,83.15,83.4,0
2010-03-19,83.29,83.58,82.87,83.29,1
2010-03-22,82.92,83.84,82.79,83.66,1
2010-03-23,83.76,83.93,83.52,83.93,0
2010-03-24,83.83,83.98,83.51,83.68,0
2010-03-25,83.75,83.99,83.52,83.57,1
2010-03-26,83.71,83.99,83.59,83.84,0
2010-03-29,84.13,84.14,83.45,83.82,1
2010-03-30,83.73,84.03,83.58,83.83,0
2010-03-31,83.87,84.06,83.46,83.53,1
2010-04-01,83.68,84.19,83.68,84.09,1
2010-04-05,84.24,84.58,84.24,84.45,0
2010-04-06,84.26,84.41,84.16,84.29,0
2010-04-07,84.3,84.56,83.88,84.22,1
2010-04-08,84.35,85.23,84.32,85.02,0
2010-04-09,84.95,85.03,84.54,84.96,0
2010-04-12,85.05,85.11,84.73,84.86,1
2010-04-13,84.95,85.24,84.66,85.14,1
2010-04-14,85.52,85.79,85.42,85.71,0
2010-04-15,85.46,85.6,85.19,85.34,0
2010-04-16,85.29,85.42,84.68,85.23,1
2010-04-19,85.15,85.9,85.14,85.86,1
2010-04-20,85.99,86.46,85.96,86.27,1
2010-04-21,86.79,87.24,86.35,86.59,1
2010-04-22,86.18,87.13,86.08,86.79,1
2010-04-23,86.94,87.04,86.58,86.89,0
2010-04-26,86.94,87.03,86.49,86.72,0
2010-04-27,86.54,87.02,86.3,86.4,0
2010-04-28,86.22,86.42,85.66,86.11,1
2010-04-29,86.44,87.31,86.44,87.17,0
2010-04-30,87.19,87.33,86.3,86.46,0
2010-05-03,85.91,86.66,85.73,86.33,1
2010-05-04,86.89,87.01,86.23,86.5,0
2010-05-05,85.92,86.43,85.71,86.12,0
2010-05-06,86.34,87.15,84.03,85.54,0
2010-05-07,85.21,85.44,83.96,84.42,1
2010-05-10,85.18,85.94,84.93,85.57,1
2010-05-11,86.14,86.86,86.1,86.38,1
2010-05-12,86.81,86.97,86.35,86.76,0
2010-05-13,86.54,87.0,86.34,86.38,0
2010-05-14,86.2,86.34,85.28,85.67,0
2010-05-17,85.26,85.6,84.9,85.51,1
2010-05-18,86.41,86.63,85.87,86.01,0
2010-05-19,85.29,85.52,84.7,85.09,0
2010-05-20,84.84,85.48,84.13,84.15,1
2010-05-21,83.69,84.45,82.5,84.31,1
2010-05-24,84.91,85.43,84.46,84.77,0
2010-05-25,83.32,84.3,83.02,84.3,0
2010-05-26,85.24,85.37,83.77,83.77,0
2010-05-27,83.14,83.76,82.84,83.76,0
2010-05-28,83.84,84.15,83.46,83.55,0
2010-06-01,82.73,83.57,82.58,82.83,1
2010-06-02,83.38,84.37,83.12,84.35,0
2010-06-03,84.29,84.64,84.01,84.33,0
2010-06-04,83.51,84.5,83.27,83.41,0
2010-06-07,83.28,84.2,82.98,83.37,1
2010-06-08,83.77,84.78,82.72,84.73,1
2010-06-09,86.03,86.2,85.53,85.7,0
2010-06-10,85.19,85.53,84.98,85.49,1
2010-06-11,85.11,85.65,85.03,85.64,1
2010-06-14,86.45,86.48,85.95,85.95,1
2010-06-15,85.92,86.35,85.85,86.28,1
2010-06-16,86.37,86.72,86.33,86.55,0
2010-06-17,86.42,86.44,85.51,86.03,0
2010-06-18,86.16,86.3,85.82,85.88,0
2010-06-21,85.88,86.06,85.49,85.61,0
2010-06-22,85.98,86.26,84.85,84.92,0
2010-06-23,83.86,84.23,83.58,83.71,1
2010-06-24,84.76,84.85,84.12,84.21,0
2010-06-25,84.2,84.65,83.93,83.97,0
2010-06-28,83.9,84.14,83.64,83.71,0
2010-06-29,83.34,83.48,82.93,83.22,0
2010-06-30,82.99,83.42,82.61,82.66,1
2010-07-01,83.41,83.55,82.31,83.4,0
2010-07-02,83.45,83.65,82.84,82.98,0
2010-07-06,82.81,83.26,82.11,82.49,1
2010-07-07,82.64,83.63,82.57,83.59,1
2010-07-08,84.29,85.34,84.09,85.24,1
2010-07-09,85.31,85.5,85.05,85.42,1
2010-07-12,85.28,86.09,85.28,86.04,1
2010-07-13,86.33,86.83,86.08,86.65,1
2010-07-14,86.67,87.05,86.41,86.99,1
2010-07-15,86.69,87.13,86.32,87.03,0
2010-07-16,86.9,86.99,85.89,85.95,0
2010-07-19,85.06,85.38,84.66,85.02,1
2010-07-20,85.57,86.74,85.55,86.67,1
2010-07-21,87.92,87.98,86.92,87.28,0
2010-07-22,86.36,87.16,86.36,87.05,0
2010-07-23,86.59,86.9,85.17,85.91,1
2010-07-26,85.35,86.0,85.24,86.0,1
2010-07-27,86.81,86.81,86.0,86.32,0
2010-07-28,85.71,85.85,85.06,85.37,1
2010-07-29,86.14,86.18,85.13,85.5,1
2010-07-30,85.14,85.96,84.88,85.77,1
2010-08-02,86.96,86.96,86.52,86.77,0
2010-08-03,86.15,86.64,86.03,86.33,1
2010-08-04,86.46,86.9,86.33,86.7,0
2010-08-05,86.38,86.38,85.87,86.35,1
2010-08-06,86.11,87.39,86.0,87.34,1
2010-08-09,89.04,89.76,88.99,89.43,0
2010-08-10,87.95,88.32,87.53,88.21,0
2010-08-11,87.82,88.06,87.42,87.48,1
2010-08-12,86.78,87.65,86.78,87.58,0
2010-08-13,87.33,87.94,87.33,87.48,1
2010-08-16,87.5,87.78,87.33,87.53,1
2010-08-17,87.61,88.83,87.35,88.5,1
2010-08-18,89.3,89.76,88.96,89.31,0
2010-08-19,88.44,88.64,87.9,88.3,1
2010-08-20,88.22,88.48,88.07,88.39,1
2010-08-23,88.92,89.24,88.77,88.77,0
2010-08-24,88.13,88.4,87.69,88.1,1
2010-08-25,87.76,88.65,87.76,88.45,1
2010-08-26,88.9,88.95,88.44,88.48,1
2010-08-27,88.69,89.16,88.22,89.1,0
2010-08-30,89.0,89.13,88.56,88.56,0
2010-08-31,87.98,88.57,87.97,88.37,1
2010-09-01,89.43,89.96,89.27,89.91,1
2010-09-02,89.69,89.94,89.34,89.91,1
2010-09-03,89.82,90.17,89.44,89.96,1
2010-09-07,90.01,90.8,89.98,90.66,1
2010-09-08,91.19,91.44,91.04,91.3,0
2010-09-09,89.37,90.73,88.84,89.4,1
2010-09-10,89.26,89.99,89.25,89.9,1
2010-09-13,90.66,90.73,89.7,90.13,0
2010-09-14,89.47,89.55,88.96,89.06,1
2010-09-15,88.52,89.38,88.51,89.29,1
2010-09-16,89.59,89.81,89.38,89.73,0
2010-09-17,89.58,89.72,89.21,89.36,1
2010-09-20,89.17,89.97,89.16,89.79,1
2010-09-21,90.16,90.5,89.82,90.31,0
2010-09-22,90.3,90.63,90.02,90.12,0
2010-09-23,90.01,90.22,89.55,89.6,1
2010-09-24,90.19,90.22,89.83,89.95,0
2010-09-27,89.81,89.93,89.43,89.44,1
2010-09-28,89.85,89.85,89.27,89.59,0
2010-09-29,89.32,89.46,89.1,89.22,1
2010-09-30,89.51,89.86,89.0,89.5,1
2010-10-01,89.92,90.04,89.53,89.82,0
2010-10-04,89.72,89.89,89.32,89.75,1
2010-10-05,90.19,90.64,90.08,90.53,1
2010-10-06,90.86,90.99,90.56,90.68,0
2010-10-07,90.28,90.66,90.28,90.56,1
2010-10-08,90.61,90.92,90.39,90.75,0
2010-10-11,90.83,91.02,90.25,90.5,0
2010-10-12,90.44,90.52,89.79,90.33,1
2010-10-13,90.48,90.62,90.1,90.37,1
2010-10-14,90.49,91.52,90.41,91.48,1
2010-10-15,91.82,92.06,91.4,91.83,0
2010-10-18,91.88,92.19,91.58,91.7,0
2010-10-19,91.51,91.93,91.19,91.44,1
2010-10-20,91.59,92.26,91.51,91.69,1
2010-10-21,92.57,93.38,92.44,92.57,1
2010-10-22,92.27,92.81,92.11,92.66,1
2010-10-25,93.4,93.6,93.12,93.17,0
2010-10-26,92.68,93.0,92.68,92.82,0
2010-10-27,92.71,92.84,91.58,91.95,0
2010-10-28,92.01,92.05,91.54,91.82,1
2010-10-29,91.91,93.7,91.75,92.04,1
2010-11-01,92.42,92.86,91.88,92.28,1
2010-11-02,92.53,92.81,92.43,92.53,1
2010-11-03,92.55,92.79,92.09,92.62,1
2010-11-04,93.1,93.38,92.89,93.15,1
2010-11-05,93.31,93.31,92.85,93.24,0
2010-11-08,92.89,93.25,92.7,93.18,0
2010-11-09,93.17,93.21,92.79,93.1,1
2010-11-10,93.0,93.4,92.68,93.33,1
2010-11-11,93.29,93.68,93.26,93.56,0
2010-11-12,93.25,93.37,92.35,92.9,0
2010-11-15,92.66,92.97,92.49,92.73,0
2010-11-16,92.7,92.73,91.54,91.78,0
2010-11-17,90.95,91.8,90.95,91.69,1
2010-11-18,92.75,93.42,92.75,93.06,1
2010-11-19,93.11,93.53,92.83,93.52,1
2010-11-22,93.66,93.78,93.41,93.77,0
2010-11-23,93.05,93.16,92.57,93.02,1
2010-11-24,93.27,93.5,93.17,93.35,0
2010-11-26,93.2,93.22,92.65,92.65,0
2010-11-29,91.63,92.05,91.02,91.88,1
2010-11-30,92.05,92.81,91.85,92.47,1
2010-12-01,93.51,93.85,93.48,93.63,0
2010-12-02,93.38,93.52,93.18,93.31,1
2010-12-03,93.25,93.62,93.04,93.6,1
2010-12-06,93.94,94.13,93.71,93.85,1
2010-12-07,93.75,94.52,93.71,94.05,0
2010-12-08,93.17,93.26,92.61,93.1,0
2010-12-09,93.16,93.17,91.8,91.92,0
2010-12-10,91.91,92.06,91.65,91.84,0
2010-12-13,91.95,91.97,91.44,91.46,1
2010-12-14,91.48,91.73,91.37,91.52,0
2010-12-15,91.67,91.84,91.42,91.48,0
2010-12-16,91.59,91.59,91.08,91.22,1
2010-12-17,91.21,91.41,91.14,91.29,1
2010-12-20,91.48,91.57,91.38,91.46,0
2010-12-21,91.56,91.56,91.06,91.34,0
2010-12-22,91.23,91.49,91.13,91.2,1
2010-12-23,91.45,91.53,91.26,91.42,0
2010-12-27,91.23,91.25,90.84,91.0,0
2010-12-28,91.0,91.14,90.61,90.99,1
2010-12-29,91.25,91.83,91.15,91.43,0
2010-12-30,91.35,91.49,91.08,91.27,0
2010-12-31,91.22,91.34,90.93,91.26,0
2011-01-03,91.57,91.95,91.18,91.18,0
2011-01-04,90.45,90.58,89.18,89.33,0
2011-01-05,88.4,88.57,88.11,88.39,1
2011-01-06,89.81,89.84,89.17,89.27,1
2011-01-07,89.36,89.54,88.77,89.38,0
2011-01-10,89.32,89.48,88.75,88.78,1
2011-01-11,88.98,89.48,88.77,89.02,0
2011-01-12,89.45,89.45,88.74,88.85,0
2011-01-13,88.66,88.75,87.9,88.06,1
2011-01-14,87.85,89.19,87.65,89.15,1
2011-01-18,91.04,91.6,90.78,91.06,0
2011-01-19,89.99,90.26,89.72,90.18,0
2011-01-20,90.2,90.47,89.65,90.02,0
2011-01-21,90.47,90.47,89.6,89.89,0
2011-01-24,88.79,90.03,88.71,89.67,1
2011-01-25,90.34,90.45,89.92,90.3,0
2011-01-26,90.3,90.39,89.95,89.97,0
2011-01-27,90.22,90.23,89.37,89.38,0
2011-01-28,89.37,89.65,88.34,88.52,0
2011-01-31,88.19,88.33,87.84,88.09,1
2011-02-01,89.28,89.31,88.48,88.69,0
2011-02-02,88.1,88.31,87.78,88.21,1
2011-02-03,88.99,89.32,88.96,88.98,1
2011-02-04,88.9,89.5,88.83,89.15,0
2011-02-07,89.44,89.61,88.79,88.91,1
2011-02-08,89.39,90.64,89.26,90.17,1
2011-02-09,90.98,91.36,90.73,91.32,0
2011-02-10,90.65,90.92,90.3,90.48,1
2011-02-11,90.51,90.84,90.28,90.77,1
2011-02-14,91.01,91.31,90.82,91.14,0
2011-02-15,90.57,90.93,90.51,90.79,1
2011-02-16,91.08,91.13,90.68,90.88,0
2011-02-17,90.59,90.76,90.43,90.65,1
2011-02-18,90.73,90.92,90.18,90.77,0
2011-02-22,90.67,91.05,90.33,90.47,0
2011-02-23,90.46,90.83,89.38,89.85,1
2011-02-24,89.85,90.12,89.51,90.03,0
2011-02-25,89.82,90.16,89.44,89.46,1
2011-02-28,89.15,90.21,89.15,90.07,0
2011-03-01,90.44,90.6,89.66,89.8,0
2011-03-02,88.89,89.0,88.09,88.91,1
2011-03-03,90.09,91.16,90.02,90.85,0
2011-03-04,90.79,91.17,90.36,90.73,1
2011-03-07,90.91,91.58,90.57,90.84,0
2011-03-08,90.46,90.71,89.86,90.31,1
2011-03-09,90.28,90.53,89.9,90.35,1
2011-03-10,90.39,91.65,90.12,91.2,1
2011-03-11,90.95,91.48,90.67,91.24,0
2011-03-14,91.0,91.25,90.5,90.67,0
2011-03-15,89.48,90.4,89.36,89.97,0
2011-03-16,90.21,90.21,88.98,89.15,0
2011-03-17,89.16,89.21,88.37,88.59,0
2011-03-18,88.69,88.93,88.23,88.3,1
2011-03-21,88.36,88.93,88.26,88.56,1
2011-03-22,89.12,89.35,88.75,89.01,1
2011-03-23,88.81,89.51,88.74,89.42,1
2011-03-24,89.6,89.92,89.52,89.86,1
2011-03-25,89.89,90.47,89.7,90.08,0
2011-03-28,90.5,90.57,90.07,90.07,1
2011-03-29,89.77,90.22,89.77,90.16,1
2011-03-30,90.72,91.14,90.69,90.97,0
2011-03-31,90.55,91.03,90.49,90.75,0
2011-04-01,90.9,91.06,90.57,90.66,1
2011-04-04,90.65,90.8,90.52,90.71,1
2011-04-05,90.87,91.25,90.65,91.14,1
2011-04-06,91.55,91.65,91.3,91.5,0
2011-04-07,90.93,91.24,90.4,90.67,1
2011-04-08,90.86,90.96,90.49,90.7,1
2011-04-11,90.63,90.89,90.5,90.7,1
2011-04-12,90.54,91.42,90.54,91.18,1
2011-04-13,92.04,92.42,91.67,91.97,0
2011-04-14,91.23,91.62,91.02,91.5,1
2011-04-15,91.68,91.87,91.19,91.75,0
2011-04-18,91.43,91.8,91.05,91.52,0
2011-04-19,91.35,91.45,91.0,91.14,1
2011-04-20,91.37,92.33,91.36,92.32,0
2011-04-21,91.8,92.03,91.1,91.42,1
2011-04-25,91.56,91.64,91.09,91.55,0
2011-04-26,91.6,91.71,91.1,91.4,1
2011-04-27,91.56,91.99,91.25,91.92,1
2011-04-28,92.24,92.59,91.87,92.27,1
2011-04-29,92.26,92.69,92.05,92.47,1
2011-05-02,92.77,93.18,92.73,92.96,1
2011-05-03,92.72,93.08,92.63,92.97,1
2011-05-04,93.19,93.5,93.12,93.32,0
2011-05-05,92.88,93.15,92.39,92.7,1
2011-05-06,92.87,93.29,92.73,92.77,1
2011-05-09,93.26,93.54,92.96,93.14,1
2011-05-10,93.41,93.67,93.22,93.56,0
2011-05-11,93.68,93.9,93.28,93.54,1
2011-05-12,93.24,94.34,93.09,94.3,1
2011-05-13,94.25,94.5,94.09,94.37,1
2011-05-16,94.24,94.87,94.24,94.78,0
2011-05-17,94.36,94.82,94.15,94.54,1
2011-05-18,94.66,95.12,94.52,95.12,1
2011-05-19,95.06,95.86,94.88,95.77,0
2011-05-20,95.98,96.03,95.36,95.62,0
2011-05-23,94.67,95.59,94.64,95.43,1
2011-05-24,95.88,96.21,95.69,95.87,1
2011-05-25,95.78,96.11,95.74,95.9,0
2011-05-26,96.03,96.11,95.51,95.69,0
2011-05-27,95.44,95.49,94.77,95.04,0
2011-05-31,95.03,95.12,94.37,94.57,0
2011-06-01,94.42,94.63,94.03,94.03,1
2011-06-02,94.52,94.77,94.14,94.36,0
2011-06-03,93.86,94.52,93.79,94.2,1
2011-06-06,94.58,95.26,94.44,94.65,1
2011-06-07,94.61,95.53,94.54,94.68,1
2011-06-08,94.0,95.03,93.86,94.76,1
2011-06-09,94.72,95.08,94.31,94.81,0
2011-06-10,94.74,94.87,94.01,94.07,0
2011-06-13,93.44,94.14,93.41,93.68,1
2011-06-14,94.62,95.24,94.42,94.94,1
2011-06-15,95.04,95.56,94.95,95.05,1
2011-06-16,94.86,95.29,94.49,95.2,1
2011-06-17,95.53,95.92,95.25,95.77,1
2011-06-20,95.81,96.32,95.65,96.1,0
2011-06-21,95.95,96.19,95.73,95.98,0
2011-06-22,96.03,96.22,95.75,95.88,0
2011-06-23,95.39,95.6,94.87,95.57,0
2011-06-24,95.58,95.86,95.13,95.23,0
2011-06-27,94.58,95.35,94.58,95.21,1
2011-06-28,95.72,97.24,95.69,97.2,1
2011-06-29,98.73,98.92,98.48,98.85,0
2011-06-30,97.46,97.62,97.1,97.16,1
2011-07-01,97.02,98.29,97.01,98.18,1
2011-07-05,99.15,99.6,99.09,99.33,0
2011-07-06,98.38,98.88,98.11,98.55,0
2011-07-07,98.47,98.69,98.2,98.51,0
2011-07-08,98.16,98.39,97.88,98.16,0
2011-07-11,97.94,98.36,97.77,97.96,0
2011-07-12,97.84,98.51,97.66,97.68,0
2011-07-13,97.73,98.13,97.39,97.5,1
2011-07-14,98.47,98.82,98.11,98.31,0
2011-07-15,98.37,98.51,97.62,98.06,0
2011-07-18,97.72,98.07,97.46,97.65,1
2011-07-19,98.23,98.67,98.12,98.63,1
2011-07-20,99.03,99.31,98.78,99.07,0
2011-07-21,98.99,99.28,98.48,98.89,1
2011-07-22,100.42,101.25,100.37,100.46,0
2011-07-25,100.04,100.85,99.9,100.16,0
2011-07-26,100.08,100.38,99.9,100.05,0
2011-07-27,99.93,100.14,99.28,99.29,0
2011-07-28,99.21,99.82,98.96,99.05,0
2011-07-29,98.58,99.12,98.32,98.83,1
2011-08-01,99.86,99.86,98.38,99.0,0
2011-08-02,98.46,98.88,97.67,97.7,0
2011-08-03,96.96,97.51,96.88,97.3,0
2011-08-04,98.0,98.84,97.12,97.14,1
2011-08-05,97.43,98.07,95.9,97.72,0
2011-08-08,96.92,97.94,95.65,95.73,1
2011-08-09,96.44,98.44,95.74,98.39,1
2011-08-10,99.65,100.06,98.62,98.99,0
2011-08-11,97.45,99.19,97.22,98.65,1
2011-08-12,98.94,99.21,98.31,98.87,1
2011-08-15,99.04,99.08,98.21,99.04,0
2011-08-16,98.82,99.4,98.22,98.99,1
2011-08-17,99.52,99.81,98.97,99.8,0
2011-08-18,98.91,99.46,97.44,98.17,1
2011-08-19,98.32,100.36,98.32,99.42,1
2011-08-22,101.43,101.96,100.74,101.08,1
2011-08-23,99.83,101.23,99.82,101.21,1
2011-08-24,102.22,103.07,101.81,103.05,0
2011-08-25,101.65,101.96,100.32,100.6,1
2011-08-26,100.53,101.97,99.89,101.53,1
2011-08-29,103.11,103.28,102.7,103.26,0
2011-08-30,101.78,102.54,101.67,102.2,1
2011-08-31,102.8,102.91,101.99,102.29,0
2011-09-01,101.78,102.42,101.59,101.63,0
2011-09-02,101.16,101.53,100.81,100.87,0
2011-09-06,99.33,100.52,99.06,100.42,1
2011-09-07,102.21,102.21,101.54,102.06,0
2011-09-08,100.93,101.58,100.5,100.5,0
2011-09-09,98.69,98.82,96.63,97.7,0
2011-09-12,96.14,97.52,95.92,97.51,1
2011-09-13,98.65,98.75,97.87,98.61,1
2011-09-14,98.67,99.83,98.0,99.02,1
2011-09-15,99.69,100.23,99.55,100.09,1
2011-09-16,100.24,100.63,100.07,100.26,1
2011-09-19,99.75,101.0,99.69,100.68,1
2011-09-20,101.0,102.03,100.81,101.05,0
2011-09-21,101.07,101.43,99.68,99.71,0
2011-09-22,98.29,99.17,97.71,98.41,1
2011-09-23,98.55,99.91,98.27,99.54,1
2011-09-26,100.9,102.07,99.94,101.97,0
2011-09-27,101.78,102.38,101.13,101.39,0
2011-09-28,101.01,101.51,99.63,99.67,1
2011-09-29,101.13,101.42,99.51,100.6,0
2011-09-30,100.0,101.7,99.86,99.87,0
2011-10-03,99.44,99.71,98.32,98.34,1
2011-10-04,97.69,98.89,96.66,98.8,1
2011-10-05,100.14,100.21,98.76,99.48,0
2011-10-06,98.8,99.42,98.5,99.31,1
2011-10-07,99.5,100.03,98.95,99.42,1
2011-10-10,100.0,100.36,99.65,100.36,1
2011-10-11,100.68,101.5,100.55,101.08,0
2011-10-12,101.88,101.88,100.47,100.73,1
2011-10-13,100.29,101.49,100.2,101.0,1
2011-10-14,101.58,101.58,100.93,101.55,0
2011-10-17,101.1,101.48,100.4,100.52,1
2011-10-18,100.75,101.57,100.17,101.29,1
2011-10-19,102.14,102.7,101.67,101.91,0
2011-10-20,101.58,101.69,100.31,100.81,1
2011-10-21,102.51,103.47,102.41,103.37,1
2011-10-24,104.12,104.31,103.6,104.07,0
2011-10-25,103.04,103.82,102.72,102.97,0
2011-10-26,103.38,103.61,102.2,102.91,1
2011-10-27,104.16,104.57,103.14,104.31,0
2011-10-28,104.31,104.44,103.53,104.16,0
2011-10-31,103.62,104.32,103.62,103.67,0
2011-11-01,103.39,104.23,102.92,103.08,1
2011-11-02,103.12,103.51,102.61,103.28,1
2011-11-03,103.8,104.05,103.37,103.93,1
2011-11-04,103.8,104.58,103.38,104.56,1
2011-11-07,105.38,105.99,104.84,105.93,0
2011-11-08,105.46,105.84,104.58,105.18,0
2011-11-09,103.94,104.36,103.11,103.34,1
2011-11-10,104.12,104.29,103.58,104.11,1
2011-11-11,104.65,105.45,104.6,105.3,1
2011-11-14,105.64,105.99,105.26,105.41,0
2011-11-15,104.6,105.41,104.47,105.07,0
2011-11-16,105.07,105.4,104.41,104.48,0
2011-11-17,104.03,104.35,102.92,103.36,1
2011-11-18,103.57,103.91,103.28,103.71,0
2011-11-21,103.3,103.76,102.67,103.49,1
2011-11-22,103.08,104.04,103.01,103.66,0
2011-11-23,103.98,104.12,103.5,103.63,0
2011-11-25,103.04,103.49,102.99,103.22,1
2011-11-28,104.28,104.9,104.18,104.72,0
2011-11-29,104.36,104.55,104.02,104.29,1
2011-11-30,105.3,105.84,105.14,105.83,1
2011-12-01,105.85,106.2,105.68,105.9,1
2011-12-02,106.56,106.63,105.74,106.03,0
2011-12-05,106.08,106.21,105.03,105.24,1
2011-12-06,105.84,106.46,105.33,106.26,1
2011-12-07,106.53,107.17,106.27,107.01,1
2011-12-08,107.09,108.08,106.85,107.01,1
2011-12-09,107.57,108.16,107.53,107.85,1
2011-12-12,107.82,108.49,107.45,108.45,0
2011-12-13,108.41,108.58,107.65,107.83,0
2011-12-14,107.02,107.57,106.55,106.9,1
2011-12-15,108.22,108.43,107.71,107.93,0
2011-12-16,108.24,108.3,107.1,107.42,0
2011-12-19,106.84,107.19,106.1,106.31,1
2011-12-20,107.88,108.54,107.77,108.46,1
2011-12-21,109.26,109.67,109.05,109.44,0
2011-12-22,108.8,108.88,108.26,108.3,1
2011-12-23,108.48,109.5,108.42,109.5,1
2011-12-27,110.51,111.02,110.38,110.81,0
2011-12-28,110.22,110.24,109.23,109.32,1
2011-12-29,109.18,110.15,109.06,110.01,0
2011-12-30,109.74,110.04,109.45,109.66,0
2012-01-03,110.34,110.55,108.33,108.4,0
2012-01-04,106.97,107.9,106.7,107.19,1
2012-01-05,108.98,109.7,108.36,109.26,1
2012-01-06,109.46,109.99,109.29,109.86,0
2012-01-09,110.51,110.55,109.45,109.55,0
2012-01-10,109.54,109.7,108.85,109.12,0
2012-01-11,108.62,109.0,108.41,108.86,1
2012-01-12,109.68,109.9,109.44,109.83,0
2012-01-13,109.53,109.72,109.08,109.66,1
2012-01-17,109.99,110.47,109.57,109.96,1
2012-01-18,110.06,110.82,109.94,110.58,0
