19871.jpeg,0
29934.jpeg,0
39826.jpeg,0
49888.jpeg,0
59918.jpeg,0
69975.jpeg,0
79963.jpeg,0
89914.jpeg,0
99851.jpeg,0
109996.jpeg,0
119892.jpeg,0
129893.jpeg,0
139981.jpeg,0
149997.jpeg,0
159915.jpeg,0
169903.jpeg,0
179915.jpeg,0
189978.jpeg,0
199935.jpeg,0
209923.jpeg,0
219889.jpeg,0
229958.jpeg,0
239962.jpeg,0
249889.jpeg,0
259831.jpeg,0
269945.jpeg,0
279912.jpeg,0
289969.jpeg,0
299953.jpeg,0
309928.jpeg,0
319945.jpeg,0
329953.jpeg,0
339986.jpeg,0
349836.jpeg,0
359973.jpeg,0
369861.jpeg,0
379924.jpeg,0
389908.jpeg,0
399924.jpeg,0
409965.jpeg,0
419909.jpeg,0
429933.jpeg,0
439948.jpeg,0
449821.jpeg,0
459909.jpeg,0
469837.jpeg,0
479840.jpeg,0
489913.jpeg,0
499929.jpeg,0
509856.jpeg,0
519895.jpeg,0
529883.jpeg,0
539843.jpeg,0
549992.jpeg,0
559880.jpeg,0
569906.jpeg,0
579910.jpeg,0
589947.jpeg,0
599930.jpeg,0
609988.jpeg,0
619967.jpeg,0
629822.jpeg,0
639930.jpeg,0
649971.jpeg,0
659835.jpeg,0
669862.jpeg,0
679931.jpeg,0
689927.jpeg,0
699970.jpeg,0
709966.jpeg,0
719946.jpeg,0
729911.jpeg,0
739881.jpeg,0
749878.jpeg,0
759854.jpeg,0
769946.jpeg,0
779897.jpeg,0
789907.jpeg,0
799977.jpeg,0
809920.jpeg,0
819873.jpeg,0
829920.jpeg,0
839998.jpeg,0
849890.jpeg,0
859982.jpeg,0
869957.jpeg,0
879941.jpeg,0
889886.jpeg,0
899886.jpeg,0
909994.jpeg,0
919995.jpeg,0
929917.jpeg,0
939891.jpeg,0
949956.jpeg,0
959829.jpeg,0
969983.jpeg,0
979891.jpeg,0
989921.jpeg,0
999921.jpeg,0
1009937.jpeg,0
